Timing Analyzer report for t1c_pulse_gen_detect
Mon Oct 16 23:03:20 2023
Quartus Prime Version 20.1.1 Build 720 11/11/2020 SJ Lite Edition


---------------------
; Table of Contents ;
---------------------
  1. Legal Notice
  2. Timing Analyzer Summary
  3. Parallel Compilation
  4. Clocks
  5. Slow 1200mV 85C Model Fmax Summary
  6. Timing Closure Recommendations
  7. Slow 1200mV 85C Model Setup Summary
  8. Slow 1200mV 85C Model Hold Summary
  9. Slow 1200mV 85C Model Recovery Summary
 10. Slow 1200mV 85C Model Removal Summary
 11. Slow 1200mV 85C Model Minimum Pulse Width Summary
 12. Slow 1200mV 85C Model Setup: 'clk_50M'
 13. Slow 1200mV 85C Model Hold: 'clk_50M'
 14. Slow 1200mV 85C Model Metastability Summary
 15. Slow 1200mV 0C Model Fmax Summary
 16. Slow 1200mV 0C Model Setup Summary
 17. Slow 1200mV 0C Model Hold Summary
 18. Slow 1200mV 0C Model Recovery Summary
 19. Slow 1200mV 0C Model Removal Summary
 20. Slow 1200mV 0C Model Minimum Pulse Width Summary
 21. Slow 1200mV 0C Model Setup: 'clk_50M'
 22. Slow 1200mV 0C Model Hold: 'clk_50M'
 23. Slow 1200mV 0C Model Metastability Summary
 24. Fast 1200mV 0C Model Setup Summary
 25. Fast 1200mV 0C Model Hold Summary
 26. Fast 1200mV 0C Model Recovery Summary
 27. Fast 1200mV 0C Model Removal Summary
 28. Fast 1200mV 0C Model Minimum Pulse Width Summary
 29. Fast 1200mV 0C Model Setup: 'clk_50M'
 30. Fast 1200mV 0C Model Hold: 'clk_50M'
 31. Fast 1200mV 0C Model Metastability Summary
 32. Multicorner Timing Analysis Summary
 33. Board Trace Model Assignments
 34. Input Transition Times
 35. Signal Integrity Metrics (Slow 1200mv 0c Model)
 36. Signal Integrity Metrics (Slow 1200mv 85c Model)
 37. Signal Integrity Metrics (Fast 1200mv 0c Model)
 38. Setup Transfers
 39. Hold Transfers
 40. Report TCCS
 41. Report RSKM
 42. Unconstrained Paths Summary
 43. Clock Status Summary
 44. Unconstrained Input Ports
 45. Unconstrained Output Ports
 46. Unconstrained Input Ports
 47. Unconstrained Output Ports
 48. Timing Analyzer Messages



----------------
; Legal Notice ;
----------------
Copyright (C) 2020  Intel Corporation. All rights reserved.
Your use of Intel Corporation's design tools, logic functions 
and other software and tools, and any partner logic 
functions, and any output files from any of the foregoing 
(including device programming or simulation files), and any 
associated documentation or information are expressly subject 
to the terms and conditions of the Intel Program License 
Subscription Agreement, the Intel Quartus Prime License Agreement,
the Intel FPGA IP License Agreement, or other applicable license
agreement, including, without limitation, that your use is for
the sole purpose of programming logic devices manufactured by
Intel and sold by Intel or its authorized distributors.  Please
refer to the applicable agreement for further details, at
https://fpgasoftware.intel.com/eula.



+-----------------------------------------------------------------------------+
; Timing Analyzer Summary                                                     ;
+-----------------------+-----------------------------------------------------+
; Quartus Prime Version ; Version 20.1.1 Build 720 11/11/2020 SJ Lite Edition ;
; Timing Analyzer       ; Legacy Timing Analyzer                              ;
; Revision Name         ; t1c_pulse_gen_detect                                ;
; Device Family         ; Cyclone IV E                                        ;
; Device Name           ; EP4CE22F17C6                                        ;
; Timing Models         ; Final                                               ;
; Delay Model           ; Combined                                            ;
; Rise/Fall Delays      ; Enabled                                             ;
+-----------------------+-----------------------------------------------------+


+------------------------------------------+
; Parallel Compilation                     ;
+----------------------------+-------------+
; Processors                 ; Number      ;
+----------------------------+-------------+
; Number detected on machine ; 8           ;
; Maximum allowed            ; 4           ;
;                            ;             ;
; Average used               ; 1.02        ;
; Maximum used               ; 4           ;
;                            ;             ;
; Usage by Processor         ; % Time Used ;
;     Processor 1            ; 100.0%      ;
;     Processors 2-4         ;   0.5%      ;
+----------------------------+-------------+


+-------------------------------------------------------------------------------------------------------------------------------------------------------------------------------------+
; Clocks                                                                                                                                                                              ;
+------------+------+--------+------------+-------+-------+------------+-----------+-------------+-------+--------+-----------+------------+----------+--------+--------+-------------+
; Clock Name ; Type ; Period ; Frequency  ; Rise  ; Fall  ; Duty Cycle ; Divide by ; Multiply by ; Phase ; Offset ; Edge List ; Edge Shift ; Inverted ; Master ; Source ; Targets     ;
+------------+------+--------+------------+-------+-------+------------+-----------+-------------+-------+--------+-----------+------------+----------+--------+--------+-------------+
; clk_50M    ; Base ; 1.000  ; 1000.0 MHz ; 0.000 ; 0.500 ;            ;           ;             ;       ;        ;           ;            ;          ;        ;        ; { clk_50M } ;
+------------+------+--------+------------+-------+-------+------------+-----------+-------------+-------+--------+-----------+------------+----------+--------+--------+-------------+


+--------------------------------------------------+
; Slow 1200mV 85C Model Fmax Summary               ;
+------------+-----------------+------------+------+
; Fmax       ; Restricted Fmax ; Clock Name ; Note ;
+------------+-----------------+------------+------+
; 192.57 MHz ; 192.57 MHz      ; clk_50M    ;      ;
+------------+-----------------+------------+------+
This panel reports FMAX for every clock in the design, regardless of the user-specified clock periods.  FMAX is only computed for paths where the source and destination registers or ports are driven by the same clock.  Paths of different clocks, including generated clocks, are ignored.  For paths between a clock and its inversion, FMAX is computed as if the rising and falling edges are scaled along with FMAX, such that the duty cycle (in terms of a percentage) is maintained. Altera recommends that you always use clock constraints and other slack reports for sign-off analysis.


----------------------------------
; Timing Closure Recommendations ;
----------------------------------
HTML report is unavailable in plain text report export.


+-------------------------------------+
; Slow 1200mV 85C Model Setup Summary ;
+---------+--------+------------------+
; Clock   ; Slack  ; End Point TNS    ;
+---------+--------+------------------+
; clk_50M ; -4.193 ; -120.917         ;
+---------+--------+------------------+


+------------------------------------+
; Slow 1200mV 85C Model Hold Summary ;
+---------+-------+------------------+
; Clock   ; Slack ; End Point TNS    ;
+---------+-------+------------------+
; clk_50M ; 0.343 ; 0.000            ;
+---------+-------+------------------+


------------------------------------------
; Slow 1200mV 85C Model Recovery Summary ;
------------------------------------------
No paths to report.


-----------------------------------------
; Slow 1200mV 85C Model Removal Summary ;
-----------------------------------------
No paths to report.


+---------------------------------------------------+
; Slow 1200mV 85C Model Minimum Pulse Width Summary ;
+---------+--------+--------------------------------+
; Clock   ; Slack  ; End Point TNS                  ;
+---------+--------+--------------------------------+
; clk_50M ; -3.000 ; -41.000                        ;
+---------+--------+--------------------------------+


+---------------------------------------------------------------------------------------------------------+
; Slow 1200mV 85C Model Setup: 'clk_50M'                                                                  ;
+--------+------------+-------------+--------------+-------------+--------------+------------+------------+
; Slack  ; From Node  ; To Node     ; Launch Clock ; Latch Clock ; Relationship ; Clock Skew ; Data Delay ;
+--------+------------+-------------+--------------+-------------+--------------+------------+------------+
; -4.193 ; counter[1] ; counter[3]  ; clk_50M      ; clk_50M     ; 1.000        ; -0.062     ; 5.126      ;
; -4.193 ; counter[1] ; counter[2]  ; clk_50M      ; clk_50M     ; 1.000        ; -0.062     ; 5.126      ;
; -4.193 ; counter[1] ; counter[0]  ; clk_50M      ; clk_50M     ; 1.000        ; -0.062     ; 5.126      ;
; -4.191 ; counter[1] ; counter[1]  ; clk_50M      ; clk_50M     ; 1.000        ; -0.062     ; 5.124      ;
; -4.191 ; counter[1] ; counter[4]  ; clk_50M      ; clk_50M     ; 1.000        ; -0.062     ; 5.124      ;
; -4.111 ; counter[0] ; counter[3]  ; clk_50M      ; clk_50M     ; 1.000        ; -0.062     ; 5.044      ;
; -4.111 ; counter[0] ; counter[2]  ; clk_50M      ; clk_50M     ; 1.000        ; -0.062     ; 5.044      ;
; -4.111 ; counter[0] ; counter[0]  ; clk_50M      ; clk_50M     ; 1.000        ; -0.062     ; 5.044      ;
; -4.109 ; counter[0] ; counter[1]  ; clk_50M      ; clk_50M     ; 1.000        ; -0.062     ; 5.042      ;
; -4.109 ; counter[0] ; counter[4]  ; clk_50M      ; clk_50M     ; 1.000        ; -0.062     ; 5.042      ;
; -4.076 ; counter[3] ; counter[3]  ; clk_50M      ; clk_50M     ; 1.000        ; -0.062     ; 5.009      ;
; -4.076 ; counter[3] ; counter[2]  ; clk_50M      ; clk_50M     ; 1.000        ; -0.062     ; 5.009      ;
; -4.076 ; counter[3] ; counter[0]  ; clk_50M      ; clk_50M     ; 1.000        ; -0.062     ; 5.009      ;
; -4.074 ; counter[3] ; counter[1]  ; clk_50M      ; clk_50M     ; 1.000        ; -0.062     ; 5.007      ;
; -4.074 ; counter[3] ; counter[4]  ; clk_50M      ; clk_50M     ; 1.000        ; -0.062     ; 5.007      ;
; -4.071 ; counter[5] ; counter[3]  ; clk_50M      ; clk_50M     ; 1.000        ; -0.428     ; 4.638      ;
; -4.071 ; counter[5] ; counter[2]  ; clk_50M      ; clk_50M     ; 1.000        ; -0.428     ; 4.638      ;
; -4.071 ; counter[5] ; counter[0]  ; clk_50M      ; clk_50M     ; 1.000        ; -0.428     ; 4.638      ;
; -4.069 ; counter[5] ; counter[1]  ; clk_50M      ; clk_50M     ; 1.000        ; -0.428     ; 4.636      ;
; -4.069 ; counter[5] ; counter[4]  ; clk_50M      ; clk_50M     ; 1.000        ; -0.428     ; 4.636      ;
; -3.996 ; counter[2] ; counter[3]  ; clk_50M      ; clk_50M     ; 1.000        ; -0.062     ; 4.929      ;
; -3.996 ; counter[2] ; counter[2]  ; clk_50M      ; clk_50M     ; 1.000        ; -0.062     ; 4.929      ;
; -3.996 ; counter[2] ; counter[0]  ; clk_50M      ; clk_50M     ; 1.000        ; -0.062     ; 4.929      ;
; -3.994 ; counter[2] ; counter[1]  ; clk_50M      ; clk_50M     ; 1.000        ; -0.062     ; 4.927      ;
; -3.994 ; counter[2] ; counter[4]  ; clk_50M      ; clk_50M     ; 1.000        ; -0.062     ; 4.927      ;
; -3.950 ; counter[6] ; counter[3]  ; clk_50M      ; clk_50M     ; 1.000        ; -0.428     ; 4.517      ;
; -3.950 ; counter[6] ; counter[2]  ; clk_50M      ; clk_50M     ; 1.000        ; -0.428     ; 4.517      ;
; -3.950 ; counter[6] ; counter[0]  ; clk_50M      ; clk_50M     ; 1.000        ; -0.428     ; 4.517      ;
; -3.948 ; counter[6] ; counter[1]  ; clk_50M      ; clk_50M     ; 1.000        ; -0.428     ; 4.515      ;
; -3.948 ; counter[6] ; counter[4]  ; clk_50M      ; clk_50M     ; 1.000        ; -0.428     ; 4.515      ;
; -3.910 ; counter[7] ; counter[3]  ; clk_50M      ; clk_50M     ; 1.000        ; -0.428     ; 4.477      ;
; -3.910 ; counter[7] ; counter[2]  ; clk_50M      ; clk_50M     ; 1.000        ; -0.428     ; 4.477      ;
; -3.910 ; counter[7] ; counter[0]  ; clk_50M      ; clk_50M     ; 1.000        ; -0.428     ; 4.477      ;
; -3.908 ; counter[7] ; counter[1]  ; clk_50M      ; clk_50M     ; 1.000        ; -0.428     ; 4.475      ;
; -3.908 ; counter[7] ; counter[4]  ; clk_50M      ; clk_50M     ; 1.000        ; -0.428     ; 4.475      ;
; -3.888 ; counter[1] ; counter[14] ; clk_50M      ; clk_50M     ; 1.000        ; -0.062     ; 4.821      ;
; -3.842 ; counter[1] ; counter[6]  ; clk_50M      ; clk_50M     ; 1.000        ; 0.289      ; 5.126      ;
; -3.841 ; counter[1] ; counter[5]  ; clk_50M      ; clk_50M     ; 1.000        ; 0.289      ; 5.125      ;
; -3.840 ; counter[1] ; counter[7]  ; clk_50M      ; clk_50M     ; 1.000        ; 0.289      ; 5.124      ;
; -3.835 ; counter[4] ; counter[3]  ; clk_50M      ; clk_50M     ; 1.000        ; -0.062     ; 4.768      ;
; -3.835 ; counter[4] ; counter[2]  ; clk_50M      ; clk_50M     ; 1.000        ; -0.062     ; 4.768      ;
; -3.835 ; counter[4] ; counter[0]  ; clk_50M      ; clk_50M     ; 1.000        ; -0.062     ; 4.768      ;
; -3.833 ; counter[4] ; counter[1]  ; clk_50M      ; clk_50M     ; 1.000        ; -0.062     ; 4.766      ;
; -3.833 ; counter[4] ; counter[4]  ; clk_50M      ; clk_50M     ; 1.000        ; -0.062     ; 4.766      ;
; -3.820 ; counter[1] ; counter[8]  ; clk_50M      ; clk_50M     ; 1.000        ; -0.061     ; 4.754      ;
; -3.806 ; counter[0] ; counter[14] ; clk_50M      ; clk_50M     ; 1.000        ; -0.062     ; 4.739      ;
; -3.771 ; counter[3] ; counter[14] ; clk_50M      ; clk_50M     ; 1.000        ; -0.062     ; 4.704      ;
; -3.766 ; counter[5] ; counter[14] ; clk_50M      ; clk_50M     ; 1.000        ; -0.428     ; 4.333      ;
; -3.760 ; counter[0] ; counter[6]  ; clk_50M      ; clk_50M     ; 1.000        ; 0.289      ; 5.044      ;
; -3.759 ; counter[0] ; counter[5]  ; clk_50M      ; clk_50M     ; 1.000        ; 0.289      ; 5.043      ;
; -3.758 ; counter[0] ; counter[7]  ; clk_50M      ; clk_50M     ; 1.000        ; 0.289      ; 5.042      ;
; -3.738 ; counter[0] ; counter[8]  ; clk_50M      ; clk_50M     ; 1.000        ; -0.061     ; 4.672      ;
; -3.729 ; counter[1] ; counter[10] ; clk_50M      ; clk_50M     ; 1.000        ; -0.061     ; 4.663      ;
; -3.728 ; counter[1] ; counter[9]  ; clk_50M      ; clk_50M     ; 1.000        ; -0.061     ; 4.662      ;
; -3.728 ; counter[1] ; counter[11] ; clk_50M      ; clk_50M     ; 1.000        ; -0.061     ; 4.662      ;
; -3.728 ; counter[1] ; counter[15] ; clk_50M      ; clk_50M     ; 1.000        ; -0.061     ; 4.662      ;
; -3.728 ; counter[1] ; counter[16] ; clk_50M      ; clk_50M     ; 1.000        ; -0.061     ; 4.662      ;
; -3.726 ; counter[1] ; counter[13] ; clk_50M      ; clk_50M     ; 1.000        ; -0.061     ; 4.660      ;
; -3.725 ; counter[3] ; counter[6]  ; clk_50M      ; clk_50M     ; 1.000        ; 0.289      ; 5.009      ;
; -3.724 ; counter[3] ; counter[5]  ; clk_50M      ; clk_50M     ; 1.000        ; 0.289      ; 5.008      ;
; -3.723 ; counter[3] ; counter[7]  ; clk_50M      ; clk_50M     ; 1.000        ; 0.289      ; 5.007      ;
; -3.720 ; counter[1] ; counter[12] ; clk_50M      ; clk_50M     ; 1.000        ; -0.061     ; 4.654      ;
; -3.720 ; counter[5] ; counter[6]  ; clk_50M      ; clk_50M     ; 1.000        ; -0.077     ; 4.638      ;
; -3.719 ; counter[5] ; counter[5]  ; clk_50M      ; clk_50M     ; 1.000        ; -0.077     ; 4.637      ;
; -3.718 ; counter[5] ; counter[7]  ; clk_50M      ; clk_50M     ; 1.000        ; -0.077     ; 4.636      ;
; -3.703 ; counter[3] ; counter[8]  ; clk_50M      ; clk_50M     ; 1.000        ; -0.061     ; 4.637      ;
; -3.698 ; counter[5] ; counter[8]  ; clk_50M      ; clk_50M     ; 1.000        ; -0.427     ; 4.266      ;
; -3.691 ; counter[2] ; counter[14] ; clk_50M      ; clk_50M     ; 1.000        ; -0.062     ; 4.624      ;
; -3.647 ; counter[0] ; counter[10] ; clk_50M      ; clk_50M     ; 1.000        ; -0.061     ; 4.581      ;
; -3.646 ; counter[0] ; counter[9]  ; clk_50M      ; clk_50M     ; 1.000        ; -0.061     ; 4.580      ;
; -3.646 ; counter[0] ; counter[11] ; clk_50M      ; clk_50M     ; 1.000        ; -0.061     ; 4.580      ;
; -3.646 ; counter[0] ; counter[15] ; clk_50M      ; clk_50M     ; 1.000        ; -0.061     ; 4.580      ;
; -3.646 ; counter[0] ; counter[16] ; clk_50M      ; clk_50M     ; 1.000        ; -0.061     ; 4.580      ;
; -3.645 ; counter[2] ; counter[6]  ; clk_50M      ; clk_50M     ; 1.000        ; 0.289      ; 4.929      ;
; -3.645 ; counter[6] ; counter[14] ; clk_50M      ; clk_50M     ; 1.000        ; -0.428     ; 4.212      ;
; -3.644 ; counter[2] ; counter[5]  ; clk_50M      ; clk_50M     ; 1.000        ; 0.289      ; 4.928      ;
; -3.644 ; counter[0] ; counter[13] ; clk_50M      ; clk_50M     ; 1.000        ; -0.061     ; 4.578      ;
; -3.643 ; counter[2] ; counter[7]  ; clk_50M      ; clk_50M     ; 1.000        ; 0.289      ; 4.927      ;
; -3.638 ; counter[0] ; counter[12] ; clk_50M      ; clk_50M     ; 1.000        ; -0.061     ; 4.572      ;
; -3.623 ; counter[2] ; counter[8]  ; clk_50M      ; clk_50M     ; 1.000        ; -0.061     ; 4.557      ;
; -3.612 ; counter[3] ; counter[10] ; clk_50M      ; clk_50M     ; 1.000        ; -0.061     ; 4.546      ;
; -3.611 ; counter[3] ; counter[9]  ; clk_50M      ; clk_50M     ; 1.000        ; -0.061     ; 4.545      ;
; -3.611 ; counter[3] ; counter[11] ; clk_50M      ; clk_50M     ; 1.000        ; -0.061     ; 4.545      ;
; -3.611 ; counter[3] ; counter[15] ; clk_50M      ; clk_50M     ; 1.000        ; -0.061     ; 4.545      ;
; -3.611 ; counter[3] ; counter[16] ; clk_50M      ; clk_50M     ; 1.000        ; -0.061     ; 4.545      ;
; -3.609 ; counter[3] ; counter[13] ; clk_50M      ; clk_50M     ; 1.000        ; -0.061     ; 4.543      ;
; -3.607 ; counter[5] ; counter[10] ; clk_50M      ; clk_50M     ; 1.000        ; -0.427     ; 4.175      ;
; -3.606 ; counter[5] ; counter[9]  ; clk_50M      ; clk_50M     ; 1.000        ; -0.427     ; 4.174      ;
; -3.606 ; counter[5] ; counter[11] ; clk_50M      ; clk_50M     ; 1.000        ; -0.427     ; 4.174      ;
; -3.606 ; counter[5] ; counter[15] ; clk_50M      ; clk_50M     ; 1.000        ; -0.427     ; 4.174      ;
; -3.606 ; counter[5] ; counter[16] ; clk_50M      ; clk_50M     ; 1.000        ; -0.427     ; 4.174      ;
; -3.605 ; counter[7] ; counter[14] ; clk_50M      ; clk_50M     ; 1.000        ; -0.428     ; 4.172      ;
; -3.604 ; counter[5] ; counter[13] ; clk_50M      ; clk_50M     ; 1.000        ; -0.427     ; 4.172      ;
; -3.603 ; counter[3] ; counter[12] ; clk_50M      ; clk_50M     ; 1.000        ; -0.061     ; 4.537      ;
; -3.599 ; counter[6] ; counter[6]  ; clk_50M      ; clk_50M     ; 1.000        ; -0.077     ; 4.517      ;
; -3.598 ; counter[5] ; counter[12] ; clk_50M      ; clk_50M     ; 1.000        ; -0.427     ; 4.166      ;
; -3.598 ; counter[6] ; counter[5]  ; clk_50M      ; clk_50M     ; 1.000        ; -0.077     ; 4.516      ;
; -3.597 ; counter[6] ; counter[7]  ; clk_50M      ; clk_50M     ; 1.000        ; -0.077     ; 4.515      ;
; -3.577 ; counter[6] ; counter[8]  ; clk_50M      ; clk_50M     ; 1.000        ; -0.427     ; 4.145      ;
; -3.559 ; counter[7] ; counter[6]  ; clk_50M      ; clk_50M     ; 1.000        ; -0.077     ; 4.477      ;
+--------+------------+-------------+--------------+-------------+--------------+------------+------------+


+-------------------------------------------------------------------------------------------------------------+
; Slow 1200mV 85C Model Hold: 'clk_50M'                                                                       ;
+-------+---------------+---------------+--------------+-------------+--------------+------------+------------+
; Slack ; From Node     ; To Node       ; Launch Clock ; Latch Clock ; Relationship ; Clock Skew ; Data Delay ;
+-------+---------------+---------------+--------------+-------------+--------------+------------+------------+
; 0.343 ; trigger~reg0  ; trigger~reg0  ; clk_50M      ; clk_50M     ; 0.000        ; 0.077      ; 0.577      ;
; 0.343 ; state[0]~reg0 ; state[0]~reg0 ; clk_50M      ; clk_50M     ; 0.000        ; 0.077      ; 0.577      ;
; 0.343 ; state[1]~reg0 ; state[1]~reg0 ; clk_50M      ; clk_50M     ; 0.000        ; 0.077      ; 0.577      ;
; 0.358 ; out~reg0      ; out~reg0      ; clk_50M      ; clk_50M     ; 0.000        ; 0.062      ; 0.577      ;
; 0.379 ; width[16]     ; width[16]     ; clk_50M      ; clk_50M     ; 0.000        ; 0.062      ; 0.598      ;
; 0.555 ; width[7]      ; width[7]      ; clk_50M      ; clk_50M     ; 0.000        ; 0.063      ; 0.775      ;
; 0.556 ; width[3]      ; width[3]      ; clk_50M      ; clk_50M     ; 0.000        ; 0.063      ; 0.776      ;
; 0.556 ; width[5]      ; width[5]      ; clk_50M      ; clk_50M     ; 0.000        ; 0.063      ; 0.776      ;
; 0.557 ; width[11]     ; width[11]     ; clk_50M      ; clk_50M     ; 0.000        ; 0.062      ; 0.776      ;
; 0.558 ; width[9]      ; width[9]      ; clk_50M      ; clk_50M     ; 0.000        ; 0.062      ; 0.777      ;
; 0.558 ; width[13]     ; width[13]     ; clk_50M      ; clk_50M     ; 0.000        ; 0.062      ; 0.777      ;
; 0.559 ; width[8]      ; width[8]      ; clk_50M      ; clk_50M     ; 0.000        ; 0.062      ; 0.778      ;
; 0.559 ; width[4]      ; width[4]      ; clk_50M      ; clk_50M     ; 0.000        ; 0.063      ; 0.779      ;
; 0.559 ; width[14]     ; width[14]     ; clk_50M      ; clk_50M     ; 0.000        ; 0.062      ; 0.778      ;
; 0.560 ; width[2]      ; width[2]      ; clk_50M      ; clk_50M     ; 0.000        ; 0.063      ; 0.780      ;
; 0.560 ; width[6]      ; width[6]      ; clk_50M      ; clk_50M     ; 0.000        ; 0.063      ; 0.780      ;
; 0.561 ; width[10]     ; width[10]     ; clk_50M      ; clk_50M     ; 0.000        ; 0.062      ; 0.780      ;
; 0.561 ; width[15]     ; width[15]     ; clk_50M      ; clk_50M     ; 0.000        ; 0.062      ; 0.780      ;
; 0.562 ; width[12]     ; width[12]     ; clk_50M      ; clk_50M     ; 0.000        ; 0.062      ; 0.781      ;
; 0.571 ; width[1]      ; width[1]      ; clk_50M      ; clk_50M     ; 0.000        ; 0.063      ; 0.791      ;
; 0.574 ; state[0]~reg0 ; state[1]~reg0 ; clk_50M      ; clk_50M     ; 0.000        ; 0.077      ; 0.808      ;
; 0.581 ; width[0]      ; width[0]      ; clk_50M      ; clk_50M     ; 0.000        ; 0.063      ; 0.801      ;
; 0.591 ; state[0]~reg0 ; trigger~reg0  ; clk_50M      ; clk_50M     ; 0.000        ; 0.077      ; 0.825      ;
; 0.636 ; state[1]~reg0 ; state[0]~reg0 ; clk_50M      ; clk_50M     ; 0.000        ; 0.077      ; 0.870      ;
; 0.774 ; state[1]~reg0 ; trigger~reg0  ; clk_50M      ; clk_50M     ; 0.000        ; 0.077      ; 1.008      ;
; 0.828 ; width[7]      ; width[8]      ; clk_50M      ; clk_50M     ; 0.000        ; 0.065      ; 1.050      ;
; 0.831 ; width[3]      ; width[4]      ; clk_50M      ; clk_50M     ; 0.000        ; 0.063      ; 1.051      ;
; 0.831 ; width[5]      ; width[6]      ; clk_50M      ; clk_50M     ; 0.000        ; 0.063      ; 1.051      ;
; 0.832 ; width[9]      ; width[10]     ; clk_50M      ; clk_50M     ; 0.000        ; 0.062      ; 1.051      ;
; 0.832 ; width[11]     ; width[12]     ; clk_50M      ; clk_50M     ; 0.000        ; 0.062      ; 1.051      ;
; 0.833 ; width[13]     ; width[14]     ; clk_50M      ; clk_50M     ; 0.000        ; 0.062      ; 1.052      ;
; 0.835 ; width[15]     ; width[16]     ; clk_50M      ; clk_50M     ; 0.000        ; 0.062      ; 1.054      ;
; 0.845 ; width[1]      ; width[2]      ; clk_50M      ; clk_50M     ; 0.000        ; 0.063      ; 1.065      ;
; 0.846 ; width[4]      ; width[5]      ; clk_50M      ; clk_50M     ; 0.000        ; 0.063      ; 1.066      ;
; 0.846 ; width[8]      ; width[9]      ; clk_50M      ; clk_50M     ; 0.000        ; 0.062      ; 1.065      ;
; 0.847 ; width[6]      ; width[7]      ; clk_50M      ; clk_50M     ; 0.000        ; 0.063      ; 1.067      ;
; 0.847 ; width[2]      ; width[3]      ; clk_50M      ; clk_50M     ; 0.000        ; 0.063      ; 1.067      ;
; 0.847 ; width[14]     ; width[15]     ; clk_50M      ; clk_50M     ; 0.000        ; 0.062      ; 1.066      ;
; 0.847 ; width[6]      ; width[8]      ; clk_50M      ; clk_50M     ; 0.000        ; 0.065      ; 1.069      ;
; 0.848 ; width[10]     ; width[11]     ; clk_50M      ; clk_50M     ; 0.000        ; 0.062      ; 1.067      ;
; 0.848 ; width[0]      ; width[1]      ; clk_50M      ; clk_50M     ; 0.000        ; 0.063      ; 1.068      ;
; 0.848 ; width[4]      ; width[6]      ; clk_50M      ; clk_50M     ; 0.000        ; 0.063      ; 1.068      ;
; 0.848 ; width[8]      ; width[10]     ; clk_50M      ; clk_50M     ; 0.000        ; 0.062      ; 1.067      ;
; 0.849 ; width[12]     ; width[13]     ; clk_50M      ; clk_50M     ; 0.000        ; 0.062      ; 1.068      ;
; 0.849 ; width[2]      ; width[4]      ; clk_50M      ; clk_50M     ; 0.000        ; 0.063      ; 1.069      ;
; 0.849 ; width[14]     ; width[16]     ; clk_50M      ; clk_50M     ; 0.000        ; 0.062      ; 1.068      ;
; 0.850 ; width[10]     ; width[12]     ; clk_50M      ; clk_50M     ; 0.000        ; 0.062      ; 1.069      ;
; 0.850 ; width[0]      ; width[2]      ; clk_50M      ; clk_50M     ; 0.000        ; 0.063      ; 1.070      ;
; 0.851 ; width[12]     ; width[14]     ; clk_50M      ; clk_50M     ; 0.000        ; 0.062      ; 1.070      ;
; 0.916 ; width[16]     ; out~reg0      ; clk_50M      ; clk_50M     ; 0.000        ; 0.062      ; 1.135      ;
; 0.938 ; width[7]      ; width[9]      ; clk_50M      ; clk_50M     ; 0.000        ; 0.065      ; 1.160      ;
; 0.940 ; width[7]      ; width[10]     ; clk_50M      ; clk_50M     ; 0.000        ; 0.065      ; 1.162      ;
; 0.941 ; width[3]      ; width[5]      ; clk_50M      ; clk_50M     ; 0.000        ; 0.063      ; 1.161      ;
; 0.941 ; width[5]      ; width[7]      ; clk_50M      ; clk_50M     ; 0.000        ; 0.063      ; 1.161      ;
; 0.941 ; width[5]      ; width[8]      ; clk_50M      ; clk_50M     ; 0.000        ; 0.065      ; 1.163      ;
; 0.942 ; width[9]      ; width[11]     ; clk_50M      ; clk_50M     ; 0.000        ; 0.062      ; 1.161      ;
; 0.942 ; width[11]     ; width[13]     ; clk_50M      ; clk_50M     ; 0.000        ; 0.062      ; 1.161      ;
; 0.943 ; width[13]     ; width[15]     ; clk_50M      ; clk_50M     ; 0.000        ; 0.062      ; 1.162      ;
; 0.943 ; width[3]      ; width[6]      ; clk_50M      ; clk_50M     ; 0.000        ; 0.063      ; 1.163      ;
; 0.944 ; width[9]      ; width[12]     ; clk_50M      ; clk_50M     ; 0.000        ; 0.062      ; 1.163      ;
; 0.944 ; width[11]     ; width[14]     ; clk_50M      ; clk_50M     ; 0.000        ; 0.062      ; 1.163      ;
; 0.945 ; width[13]     ; width[16]     ; clk_50M      ; clk_50M     ; 0.000        ; 0.062      ; 1.164      ;
; 0.955 ; width[1]      ; width[3]      ; clk_50M      ; clk_50M     ; 0.000        ; 0.063      ; 1.175      ;
; 0.957 ; width[1]      ; width[4]      ; clk_50M      ; clk_50M     ; 0.000        ; 0.063      ; 1.177      ;
; 0.957 ; width[6]      ; width[9]      ; clk_50M      ; clk_50M     ; 0.000        ; 0.065      ; 1.179      ;
; 0.958 ; width[4]      ; width[7]      ; clk_50M      ; clk_50M     ; 0.000        ; 0.063      ; 1.178      ;
; 0.958 ; width[4]      ; width[8]      ; clk_50M      ; clk_50M     ; 0.000        ; 0.065      ; 1.180      ;
; 0.958 ; width[8]      ; width[11]     ; clk_50M      ; clk_50M     ; 0.000        ; 0.062      ; 1.177      ;
; 0.959 ; width[6]      ; width[10]     ; clk_50M      ; clk_50M     ; 0.000        ; 0.065      ; 1.181      ;
; 0.959 ; width[2]      ; width[5]      ; clk_50M      ; clk_50M     ; 0.000        ; 0.063      ; 1.179      ;
; 0.960 ; width[10]     ; width[13]     ; clk_50M      ; clk_50M     ; 0.000        ; 0.062      ; 1.179      ;
; 0.960 ; width[8]      ; width[12]     ; clk_50M      ; clk_50M     ; 0.000        ; 0.062      ; 1.179      ;
; 0.960 ; width[0]      ; width[3]      ; clk_50M      ; clk_50M     ; 0.000        ; 0.063      ; 1.180      ;
; 0.961 ; width[12]     ; width[15]     ; clk_50M      ; clk_50M     ; 0.000        ; 0.062      ; 1.180      ;
; 0.961 ; width[2]      ; width[6]      ; clk_50M      ; clk_50M     ; 0.000        ; 0.063      ; 1.181      ;
; 0.962 ; width[10]     ; width[14]     ; clk_50M      ; clk_50M     ; 0.000        ; 0.062      ; 1.181      ;
; 0.962 ; width[0]      ; width[4]      ; clk_50M      ; clk_50M     ; 0.000        ; 0.063      ; 1.182      ;
; 0.963 ; width[12]     ; width[16]     ; clk_50M      ; clk_50M     ; 0.000        ; 0.062      ; 1.182      ;
; 0.970 ; width[8]      ; out~reg0      ; clk_50M      ; clk_50M     ; 0.000        ; 0.062      ; 1.189      ;
; 1.024 ; state[1]~reg0 ; counter[10]   ; clk_50M      ; clk_50M     ; 0.000        ; -0.289     ; 0.892      ;
; 1.024 ; state[1]~reg0 ; counter[16]   ; clk_50M      ; clk_50M     ; 0.000        ; -0.289     ; 0.892      ;
; 1.036 ; counter[4]    ; counter[5]    ; clk_50M      ; clk_50M     ; 0.000        ; 0.428      ; 1.621      ;
; 1.037 ; counter[4]    ; counter[6]    ; clk_50M      ; clk_50M     ; 0.000        ; 0.428      ; 1.622      ;
; 1.050 ; width[7]      ; width[11]     ; clk_50M      ; clk_50M     ; 0.000        ; 0.065      ; 1.272      ;
; 1.051 ; width[5]      ; width[9]      ; clk_50M      ; clk_50M     ; 0.000        ; 0.065      ; 1.273      ;
; 1.052 ; width[7]      ; width[12]     ; clk_50M      ; clk_50M     ; 0.000        ; 0.065      ; 1.274      ;
; 1.053 ; width[3]      ; width[7]      ; clk_50M      ; clk_50M     ; 0.000        ; 0.063      ; 1.273      ;
; 1.053 ; width[3]      ; width[8]      ; clk_50M      ; clk_50M     ; 0.000        ; 0.065      ; 1.275      ;
; 1.053 ; width[5]      ; width[10]     ; clk_50M      ; clk_50M     ; 0.000        ; 0.065      ; 1.275      ;
; 1.054 ; width[9]      ; width[13]     ; clk_50M      ; clk_50M     ; 0.000        ; 0.062      ; 1.273      ;
; 1.054 ; width[11]     ; width[15]     ; clk_50M      ; clk_50M     ; 0.000        ; 0.062      ; 1.273      ;
; 1.056 ; width[9]      ; width[14]     ; clk_50M      ; clk_50M     ; 0.000        ; 0.062      ; 1.275      ;
; 1.056 ; width[11]     ; width[16]     ; clk_50M      ; clk_50M     ; 0.000        ; 0.062      ; 1.275      ;
; 1.067 ; width[1]      ; width[5]      ; clk_50M      ; clk_50M     ; 0.000        ; 0.063      ; 1.287      ;
; 1.068 ; width[4]      ; width[9]      ; clk_50M      ; clk_50M     ; 0.000        ; 0.065      ; 1.290      ;
; 1.069 ; width[1]      ; width[6]      ; clk_50M      ; clk_50M     ; 0.000        ; 0.063      ; 1.289      ;
; 1.069 ; width[6]      ; width[11]     ; clk_50M      ; clk_50M     ; 0.000        ; 0.065      ; 1.291      ;
; 1.070 ; width[4]      ; width[10]     ; clk_50M      ; clk_50M     ; 0.000        ; 0.065      ; 1.292      ;
; 1.070 ; width[8]      ; width[13]     ; clk_50M      ; clk_50M     ; 0.000        ; 0.062      ; 1.289      ;
; 1.071 ; width[6]      ; width[12]     ; clk_50M      ; clk_50M     ; 0.000        ; 0.065      ; 1.293      ;
+-------+---------------+---------------+--------------+-------------+--------------+------------+------------+


-----------------------------------------------
; Slow 1200mV 85C Model Metastability Summary ;
-----------------------------------------------
No synchronizer chains to report.


+--------------------------------------------------+
; Slow 1200mV 0C Model Fmax Summary                ;
+------------+-----------------+------------+------+
; Fmax       ; Restricted Fmax ; Clock Name ; Note ;
+------------+-----------------+------------+------+
; 215.42 MHz ; 215.42 MHz      ; clk_50M    ;      ;
+------------+-----------------+------------+------+
This panel reports FMAX for every clock in the design, regardless of the user-specified clock periods.  FMAX is only computed for paths where the source and destination registers or ports are driven by the same clock.  Paths of different clocks, including generated clocks, are ignored.  For paths between a clock and its inversion, FMAX is computed as if the rising and falling edges are scaled along with FMAX, such that the duty cycle (in terms of a percentage) is maintained. Altera recommends that you always use clock constraints and other slack reports for sign-off analysis.


+------------------------------------+
; Slow 1200mV 0C Model Setup Summary ;
+---------+--------+-----------------+
; Clock   ; Slack  ; End Point TNS   ;
+---------+--------+-----------------+
; clk_50M ; -3.642 ; -104.303        ;
+---------+--------+-----------------+


+-----------------------------------+
; Slow 1200mV 0C Model Hold Summary ;
+---------+-------+-----------------+
; Clock   ; Slack ; End Point TNS   ;
+---------+-------+-----------------+
; clk_50M ; 0.299 ; 0.000           ;
+---------+-------+-----------------+


-----------------------------------------
; Slow 1200mV 0C Model Recovery Summary ;
-----------------------------------------
No paths to report.


----------------------------------------
; Slow 1200mV 0C Model Removal Summary ;
----------------------------------------
No paths to report.


+--------------------------------------------------+
; Slow 1200mV 0C Model Minimum Pulse Width Summary ;
+---------+--------+-------------------------------+
; Clock   ; Slack  ; End Point TNS                 ;
+---------+--------+-------------------------------+
; clk_50M ; -3.000 ; -41.000                       ;
+---------+--------+-------------------------------+


+---------------------------------------------------------------------------------------------------------+
; Slow 1200mV 0C Model Setup: 'clk_50M'                                                                   ;
+--------+------------+-------------+--------------+-------------+--------------+------------+------------+
; Slack  ; From Node  ; To Node     ; Launch Clock ; Latch Clock ; Relationship ; Clock Skew ; Data Delay ;
+--------+------------+-------------+--------------+-------------+--------------+------------+------------+
; -3.642 ; counter[1] ; counter[1]  ; clk_50M      ; clk_50M     ; 1.000        ; -0.055     ; 4.582      ;
; -3.641 ; counter[1] ; counter[4]  ; clk_50M      ; clk_50M     ; 1.000        ; -0.055     ; 4.581      ;
; -3.641 ; counter[1] ; counter[3]  ; clk_50M      ; clk_50M     ; 1.000        ; -0.055     ; 4.581      ;
; -3.640 ; counter[1] ; counter[2]  ; clk_50M      ; clk_50M     ; 1.000        ; -0.055     ; 4.580      ;
; -3.638 ; counter[1] ; counter[0]  ; clk_50M      ; clk_50M     ; 1.000        ; -0.055     ; 4.578      ;
; -3.575 ; counter[0] ; counter[1]  ; clk_50M      ; clk_50M     ; 1.000        ; -0.055     ; 4.515      ;
; -3.574 ; counter[0] ; counter[4]  ; clk_50M      ; clk_50M     ; 1.000        ; -0.055     ; 4.514      ;
; -3.574 ; counter[0] ; counter[3]  ; clk_50M      ; clk_50M     ; 1.000        ; -0.055     ; 4.514      ;
; -3.573 ; counter[0] ; counter[2]  ; clk_50M      ; clk_50M     ; 1.000        ; -0.055     ; 4.513      ;
; -3.571 ; counter[0] ; counter[0]  ; clk_50M      ; clk_50M     ; 1.000        ; -0.055     ; 4.511      ;
; -3.541 ; counter[3] ; counter[1]  ; clk_50M      ; clk_50M     ; 1.000        ; -0.055     ; 4.481      ;
; -3.540 ; counter[3] ; counter[4]  ; clk_50M      ; clk_50M     ; 1.000        ; -0.055     ; 4.480      ;
; -3.540 ; counter[3] ; counter[3]  ; clk_50M      ; clk_50M     ; 1.000        ; -0.055     ; 4.480      ;
; -3.539 ; counter[3] ; counter[2]  ; clk_50M      ; clk_50M     ; 1.000        ; -0.055     ; 4.479      ;
; -3.538 ; counter[5] ; counter[3]  ; clk_50M      ; clk_50M     ; 1.000        ; -0.384     ; 4.149      ;
; -3.538 ; counter[5] ; counter[2]  ; clk_50M      ; clk_50M     ; 1.000        ; -0.384     ; 4.149      ;
; -3.538 ; counter[5] ; counter[0]  ; clk_50M      ; clk_50M     ; 1.000        ; -0.384     ; 4.149      ;
; -3.537 ; counter[3] ; counter[0]  ; clk_50M      ; clk_50M     ; 1.000        ; -0.055     ; 4.477      ;
; -3.537 ; counter[5] ; counter[1]  ; clk_50M      ; clk_50M     ; 1.000        ; -0.384     ; 4.148      ;
; -3.536 ; counter[5] ; counter[4]  ; clk_50M      ; clk_50M     ; 1.000        ; -0.384     ; 4.147      ;
; -3.477 ; counter[2] ; counter[1]  ; clk_50M      ; clk_50M     ; 1.000        ; -0.055     ; 4.417      ;
; -3.476 ; counter[2] ; counter[4]  ; clk_50M      ; clk_50M     ; 1.000        ; -0.055     ; 4.416      ;
; -3.476 ; counter[2] ; counter[3]  ; clk_50M      ; clk_50M     ; 1.000        ; -0.055     ; 4.416      ;
; -3.475 ; counter[2] ; counter[2]  ; clk_50M      ; clk_50M     ; 1.000        ; -0.055     ; 4.415      ;
; -3.473 ; counter[2] ; counter[0]  ; clk_50M      ; clk_50M     ; 1.000        ; -0.055     ; 4.413      ;
; -3.434 ; counter[6] ; counter[3]  ; clk_50M      ; clk_50M     ; 1.000        ; -0.384     ; 4.045      ;
; -3.434 ; counter[6] ; counter[2]  ; clk_50M      ; clk_50M     ; 1.000        ; -0.384     ; 4.045      ;
; -3.434 ; counter[6] ; counter[0]  ; clk_50M      ; clk_50M     ; 1.000        ; -0.384     ; 4.045      ;
; -3.433 ; counter[6] ; counter[1]  ; clk_50M      ; clk_50M     ; 1.000        ; -0.384     ; 4.044      ;
; -3.432 ; counter[6] ; counter[4]  ; clk_50M      ; clk_50M     ; 1.000        ; -0.384     ; 4.043      ;
; -3.411 ; counter[7] ; counter[1]  ; clk_50M      ; clk_50M     ; 1.000        ; -0.384     ; 4.022      ;
; -3.410 ; counter[7] ; counter[4]  ; clk_50M      ; clk_50M     ; 1.000        ; -0.384     ; 4.021      ;
; -3.410 ; counter[7] ; counter[3]  ; clk_50M      ; clk_50M     ; 1.000        ; -0.384     ; 4.021      ;
; -3.409 ; counter[7] ; counter[2]  ; clk_50M      ; clk_50M     ; 1.000        ; -0.384     ; 4.020      ;
; -3.407 ; counter[7] ; counter[0]  ; clk_50M      ; clk_50M     ; 1.000        ; -0.384     ; 4.018      ;
; -3.392 ; counter[1] ; counter[14] ; clk_50M      ; clk_50M     ; 1.000        ; -0.054     ; 4.333      ;
; -3.327 ; counter[4] ; counter[3]  ; clk_50M      ; clk_50M     ; 1.000        ; -0.055     ; 4.267      ;
; -3.327 ; counter[4] ; counter[2]  ; clk_50M      ; clk_50M     ; 1.000        ; -0.055     ; 4.267      ;
; -3.327 ; counter[4] ; counter[0]  ; clk_50M      ; clk_50M     ; 1.000        ; -0.055     ; 4.267      ;
; -3.326 ; counter[4] ; counter[1]  ; clk_50M      ; clk_50M     ; 1.000        ; -0.055     ; 4.266      ;
; -3.325 ; counter[4] ; counter[4]  ; clk_50M      ; clk_50M     ; 1.000        ; -0.055     ; 4.265      ;
; -3.325 ; counter[0] ; counter[14] ; clk_50M      ; clk_50M     ; 1.000        ; -0.054     ; 4.266      ;
; -3.324 ; counter[1] ; counter[6]  ; clk_50M      ; clk_50M     ; 1.000        ; 0.261      ; 4.580      ;
; -3.323 ; counter[1] ; counter[7]  ; clk_50M      ; clk_50M     ; 1.000        ; 0.261      ; 4.579      ;
; -3.323 ; counter[1] ; counter[5]  ; clk_50M      ; clk_50M     ; 1.000        ; 0.261      ; 4.579      ;
; -3.309 ; counter[1] ; counter[8]  ; clk_50M      ; clk_50M     ; 1.000        ; -0.054     ; 4.250      ;
; -3.291 ; counter[3] ; counter[14] ; clk_50M      ; clk_50M     ; 1.000        ; -0.054     ; 4.232      ;
; -3.286 ; counter[5] ; counter[14] ; clk_50M      ; clk_50M     ; 1.000        ; -0.383     ; 3.898      ;
; -3.257 ; counter[0] ; counter[6]  ; clk_50M      ; clk_50M     ; 1.000        ; 0.261      ; 4.513      ;
; -3.256 ; counter[0] ; counter[7]  ; clk_50M      ; clk_50M     ; 1.000        ; 0.261      ; 4.512      ;
; -3.256 ; counter[0] ; counter[5]  ; clk_50M      ; clk_50M     ; 1.000        ; 0.261      ; 4.512      ;
; -3.242 ; counter[0] ; counter[8]  ; clk_50M      ; clk_50M     ; 1.000        ; -0.054     ; 4.183      ;
; -3.227 ; counter[2] ; counter[14] ; clk_50M      ; clk_50M     ; 1.000        ; -0.054     ; 4.168      ;
; -3.223 ; counter[3] ; counter[6]  ; clk_50M      ; clk_50M     ; 1.000        ; 0.261      ; 4.479      ;
; -3.222 ; counter[3] ; counter[7]  ; clk_50M      ; clk_50M     ; 1.000        ; 0.261      ; 4.478      ;
; -3.222 ; counter[3] ; counter[5]  ; clk_50M      ; clk_50M     ; 1.000        ; 0.261      ; 4.478      ;
; -3.222 ; counter[5] ; counter[6]  ; clk_50M      ; clk_50M     ; 1.000        ; -0.068     ; 4.149      ;
; -3.221 ; counter[5] ; counter[7]  ; clk_50M      ; clk_50M     ; 1.000        ; -0.068     ; 4.148      ;
; -3.221 ; counter[5] ; counter[5]  ; clk_50M      ; clk_50M     ; 1.000        ; -0.068     ; 4.148      ;
; -3.215 ; counter[1] ; counter[10] ; clk_50M      ; clk_50M     ; 1.000        ; -0.054     ; 4.156      ;
; -3.214 ; counter[1] ; counter[9]  ; clk_50M      ; clk_50M     ; 1.000        ; -0.054     ; 4.155      ;
; -3.214 ; counter[1] ; counter[16] ; clk_50M      ; clk_50M     ; 1.000        ; -0.054     ; 4.155      ;
; -3.213 ; counter[1] ; counter[11] ; clk_50M      ; clk_50M     ; 1.000        ; -0.054     ; 4.154      ;
; -3.213 ; counter[1] ; counter[15] ; clk_50M      ; clk_50M     ; 1.000        ; -0.054     ; 4.154      ;
; -3.211 ; counter[1] ; counter[13] ; clk_50M      ; clk_50M     ; 1.000        ; -0.054     ; 4.152      ;
; -3.208 ; counter[3] ; counter[8]  ; clk_50M      ; clk_50M     ; 1.000        ; -0.054     ; 4.149      ;
; -3.205 ; counter[1] ; counter[12] ; clk_50M      ; clk_50M     ; 1.000        ; -0.054     ; 4.146      ;
; -3.203 ; counter[5] ; counter[8]  ; clk_50M      ; clk_50M     ; 1.000        ; -0.383     ; 3.815      ;
; -3.161 ; counter[7] ; counter[14] ; clk_50M      ; clk_50M     ; 1.000        ; -0.383     ; 3.773      ;
; -3.160 ; counter[6] ; counter[14] ; clk_50M      ; clk_50M     ; 1.000        ; -0.383     ; 3.772      ;
; -3.159 ; counter[2] ; counter[6]  ; clk_50M      ; clk_50M     ; 1.000        ; 0.261      ; 4.415      ;
; -3.158 ; counter[2] ; counter[7]  ; clk_50M      ; clk_50M     ; 1.000        ; 0.261      ; 4.414      ;
; -3.158 ; counter[2] ; counter[5]  ; clk_50M      ; clk_50M     ; 1.000        ; 0.261      ; 4.414      ;
; -3.148 ; counter[0] ; counter[10] ; clk_50M      ; clk_50M     ; 1.000        ; -0.054     ; 4.089      ;
; -3.147 ; counter[0] ; counter[9]  ; clk_50M      ; clk_50M     ; 1.000        ; -0.054     ; 4.088      ;
; -3.147 ; counter[0] ; counter[16] ; clk_50M      ; clk_50M     ; 1.000        ; -0.054     ; 4.088      ;
; -3.146 ; counter[0] ; counter[11] ; clk_50M      ; clk_50M     ; 1.000        ; -0.054     ; 4.087      ;
; -3.146 ; counter[0] ; counter[15] ; clk_50M      ; clk_50M     ; 1.000        ; -0.054     ; 4.087      ;
; -3.144 ; counter[2] ; counter[8]  ; clk_50M      ; clk_50M     ; 1.000        ; -0.054     ; 4.085      ;
; -3.144 ; counter[0] ; counter[13] ; clk_50M      ; clk_50M     ; 1.000        ; -0.054     ; 4.085      ;
; -3.138 ; counter[0] ; counter[12] ; clk_50M      ; clk_50M     ; 1.000        ; -0.054     ; 4.079      ;
; -3.120 ; counter[5] ; counter[10] ; clk_50M      ; clk_50M     ; 1.000        ; -0.383     ; 3.732      ;
; -3.119 ; counter[5] ; counter[9]  ; clk_50M      ; clk_50M     ; 1.000        ; -0.383     ; 3.731      ;
; -3.119 ; counter[5] ; counter[16] ; clk_50M      ; clk_50M     ; 1.000        ; -0.383     ; 3.731      ;
; -3.118 ; counter[5] ; counter[11] ; clk_50M      ; clk_50M     ; 1.000        ; -0.383     ; 3.730      ;
; -3.118 ; counter[5] ; counter[15] ; clk_50M      ; clk_50M     ; 1.000        ; -0.383     ; 3.730      ;
; -3.118 ; counter[6] ; counter[6]  ; clk_50M      ; clk_50M     ; 1.000        ; -0.068     ; 4.045      ;
; -3.117 ; counter[6] ; counter[7]  ; clk_50M      ; clk_50M     ; 1.000        ; -0.068     ; 4.044      ;
; -3.117 ; counter[6] ; counter[5]  ; clk_50M      ; clk_50M     ; 1.000        ; -0.068     ; 4.044      ;
; -3.116 ; counter[5] ; counter[13] ; clk_50M      ; clk_50M     ; 1.000        ; -0.383     ; 3.728      ;
; -3.114 ; counter[3] ; counter[10] ; clk_50M      ; clk_50M     ; 1.000        ; -0.054     ; 4.055      ;
; -3.113 ; counter[3] ; counter[9]  ; clk_50M      ; clk_50M     ; 1.000        ; -0.054     ; 4.054      ;
; -3.113 ; counter[3] ; counter[16] ; clk_50M      ; clk_50M     ; 1.000        ; -0.054     ; 4.054      ;
; -3.112 ; counter[3] ; counter[11] ; clk_50M      ; clk_50M     ; 1.000        ; -0.054     ; 4.053      ;
; -3.112 ; counter[3] ; counter[15] ; clk_50M      ; clk_50M     ; 1.000        ; -0.054     ; 4.053      ;
; -3.110 ; counter[3] ; counter[13] ; clk_50M      ; clk_50M     ; 1.000        ; -0.054     ; 4.051      ;
; -3.110 ; counter[5] ; counter[12] ; clk_50M      ; clk_50M     ; 1.000        ; -0.383     ; 3.722      ;
; -3.104 ; counter[3] ; counter[12] ; clk_50M      ; clk_50M     ; 1.000        ; -0.054     ; 4.045      ;
; -3.093 ; counter[7] ; counter[6]  ; clk_50M      ; clk_50M     ; 1.000        ; -0.068     ; 4.020      ;
; -3.093 ; counter[6] ; counter[8]  ; clk_50M      ; clk_50M     ; 1.000        ; -0.383     ; 3.705      ;
+--------+------------+-------------+--------------+-------------+--------------+------------+------------+


+-------------------------------------------------------------------------------------------------------------+
; Slow 1200mV 0C Model Hold: 'clk_50M'                                                                        ;
+-------+---------------+---------------+--------------+-------------+--------------+------------+------------+
; Slack ; From Node     ; To Node       ; Launch Clock ; Latch Clock ; Relationship ; Clock Skew ; Data Delay ;
+-------+---------------+---------------+--------------+-------------+--------------+------------+------------+
; 0.299 ; trigger~reg0  ; trigger~reg0  ; clk_50M      ; clk_50M     ; 0.000        ; 0.068      ; 0.511      ;
; 0.299 ; state[0]~reg0 ; state[0]~reg0 ; clk_50M      ; clk_50M     ; 0.000        ; 0.068      ; 0.511      ;
; 0.299 ; state[1]~reg0 ; state[1]~reg0 ; clk_50M      ; clk_50M     ; 0.000        ; 0.068      ; 0.511      ;
; 0.312 ; out~reg0      ; out~reg0      ; clk_50M      ; clk_50M     ; 0.000        ; 0.055      ; 0.511      ;
; 0.336 ; width[16]     ; width[16]     ; clk_50M      ; clk_50M     ; 0.000        ; 0.055      ; 0.535      ;
; 0.499 ; width[3]      ; width[3]      ; clk_50M      ; clk_50M     ; 0.000        ; 0.055      ; 0.698      ;
; 0.499 ; width[5]      ; width[5]      ; clk_50M      ; clk_50M     ; 0.000        ; 0.055      ; 0.698      ;
; 0.500 ; width[7]      ; width[7]      ; clk_50M      ; clk_50M     ; 0.000        ; 0.055      ; 0.699      ;
; 0.500 ; width[9]      ; width[9]      ; clk_50M      ; clk_50M     ; 0.000        ; 0.055      ; 0.699      ;
; 0.500 ; width[11]     ; width[11]     ; clk_50M      ; clk_50M     ; 0.000        ; 0.055      ; 0.699      ;
; 0.501 ; width[13]     ; width[13]     ; clk_50M      ; clk_50M     ; 0.000        ; 0.055      ; 0.700      ;
; 0.503 ; width[8]      ; width[8]      ; clk_50M      ; clk_50M     ; 0.000        ; 0.055      ; 0.702      ;
; 0.503 ; width[6]      ; width[6]      ; clk_50M      ; clk_50M     ; 0.000        ; 0.055      ; 0.702      ;
; 0.503 ; width[15]     ; width[15]     ; clk_50M      ; clk_50M     ; 0.000        ; 0.055      ; 0.702      ;
; 0.503 ; width[14]     ; width[14]     ; clk_50M      ; clk_50M     ; 0.000        ; 0.055      ; 0.702      ;
; 0.504 ; width[4]      ; width[4]      ; clk_50M      ; clk_50M     ; 0.000        ; 0.055      ; 0.703      ;
; 0.504 ; width[10]     ; width[10]     ; clk_50M      ; clk_50M     ; 0.000        ; 0.055      ; 0.703      ;
; 0.505 ; width[2]      ; width[2]      ; clk_50M      ; clk_50M     ; 0.000        ; 0.055      ; 0.704      ;
; 0.505 ; width[12]     ; width[12]     ; clk_50M      ; clk_50M     ; 0.000        ; 0.055      ; 0.704      ;
; 0.514 ; width[1]      ; width[1]      ; clk_50M      ; clk_50M     ; 0.000        ; 0.055      ; 0.713      ;
; 0.516 ; state[0]~reg0 ; state[1]~reg0 ; clk_50M      ; clk_50M     ; 0.000        ; 0.068      ; 0.728      ;
; 0.520 ; width[0]      ; width[0]      ; clk_50M      ; clk_50M     ; 0.000        ; 0.055      ; 0.719      ;
; 0.531 ; state[0]~reg0 ; trigger~reg0  ; clk_50M      ; clk_50M     ; 0.000        ; 0.068      ; 0.743      ;
; 0.574 ; state[1]~reg0 ; state[0]~reg0 ; clk_50M      ; clk_50M     ; 0.000        ; 0.068      ; 0.786      ;
; 0.697 ; state[1]~reg0 ; trigger~reg0  ; clk_50M      ; clk_50M     ; 0.000        ; 0.068      ; 0.909      ;
; 0.742 ; width[7]      ; width[8]      ; clk_50M      ; clk_50M     ; 0.000        ; 0.057      ; 0.943      ;
; 0.743 ; width[5]      ; width[6]      ; clk_50M      ; clk_50M     ; 0.000        ; 0.055      ; 0.942      ;
; 0.743 ; width[3]      ; width[4]      ; clk_50M      ; clk_50M     ; 0.000        ; 0.055      ; 0.942      ;
; 0.744 ; width[11]     ; width[12]     ; clk_50M      ; clk_50M     ; 0.000        ; 0.055      ; 0.943      ;
; 0.745 ; width[13]     ; width[14]     ; clk_50M      ; clk_50M     ; 0.000        ; 0.055      ; 0.944      ;
; 0.745 ; width[9]      ; width[10]     ; clk_50M      ; clk_50M     ; 0.000        ; 0.055      ; 0.944      ;
; 0.748 ; width[15]     ; width[16]     ; clk_50M      ; clk_50M     ; 0.000        ; 0.055      ; 0.947      ;
; 0.752 ; width[6]      ; width[7]      ; clk_50M      ; clk_50M     ; 0.000        ; 0.055      ; 0.951      ;
; 0.752 ; width[8]      ; width[9]      ; clk_50M      ; clk_50M     ; 0.000        ; 0.055      ; 0.951      ;
; 0.752 ; width[14]     ; width[15]     ; clk_50M      ; clk_50M     ; 0.000        ; 0.055      ; 0.951      ;
; 0.753 ; width[4]      ; width[5]      ; clk_50M      ; clk_50M     ; 0.000        ; 0.055      ; 0.952      ;
; 0.753 ; width[10]     ; width[11]     ; clk_50M      ; clk_50M     ; 0.000        ; 0.055      ; 0.952      ;
; 0.753 ; width[0]      ; width[1]      ; clk_50M      ; clk_50M     ; 0.000        ; 0.055      ; 0.952      ;
; 0.754 ; width[2]      ; width[3]      ; clk_50M      ; clk_50M     ; 0.000        ; 0.055      ; 0.953      ;
; 0.754 ; width[12]     ; width[13]     ; clk_50M      ; clk_50M     ; 0.000        ; 0.055      ; 0.953      ;
; 0.757 ; width[6]      ; width[8]      ; clk_50M      ; clk_50M     ; 0.000        ; 0.057      ; 0.958      ;
; 0.759 ; width[1]      ; width[2]      ; clk_50M      ; clk_50M     ; 0.000        ; 0.055      ; 0.958      ;
; 0.759 ; width[8]      ; width[10]     ; clk_50M      ; clk_50M     ; 0.000        ; 0.055      ; 0.958      ;
; 0.759 ; width[14]     ; width[16]     ; clk_50M      ; clk_50M     ; 0.000        ; 0.055      ; 0.958      ;
; 0.760 ; width[4]      ; width[6]      ; clk_50M      ; clk_50M     ; 0.000        ; 0.055      ; 0.959      ;
; 0.760 ; width[10]     ; width[12]     ; clk_50M      ; clk_50M     ; 0.000        ; 0.055      ; 0.959      ;
; 0.760 ; width[0]      ; width[2]      ; clk_50M      ; clk_50M     ; 0.000        ; 0.055      ; 0.959      ;
; 0.761 ; width[2]      ; width[4]      ; clk_50M      ; clk_50M     ; 0.000        ; 0.055      ; 0.960      ;
; 0.761 ; width[12]     ; width[14]     ; clk_50M      ; clk_50M     ; 0.000        ; 0.055      ; 0.960      ;
; 0.824 ; width[16]     ; out~reg0      ; clk_50M      ; clk_50M     ; 0.000        ; 0.055      ; 1.023      ;
; 0.831 ; width[7]      ; width[9]      ; clk_50M      ; clk_50M     ; 0.000        ; 0.057      ; 1.032      ;
; 0.832 ; width[5]      ; width[7]      ; clk_50M      ; clk_50M     ; 0.000        ; 0.055      ; 1.031      ;
; 0.832 ; width[3]      ; width[5]      ; clk_50M      ; clk_50M     ; 0.000        ; 0.055      ; 1.031      ;
; 0.833 ; width[11]     ; width[13]     ; clk_50M      ; clk_50M     ; 0.000        ; 0.055      ; 1.032      ;
; 0.834 ; width[13]     ; width[15]     ; clk_50M      ; clk_50M     ; 0.000        ; 0.055      ; 1.033      ;
; 0.834 ; width[9]      ; width[11]     ; clk_50M      ; clk_50M     ; 0.000        ; 0.055      ; 1.033      ;
; 0.837 ; width[5]      ; width[8]      ; clk_50M      ; clk_50M     ; 0.000        ; 0.057      ; 1.038      ;
; 0.838 ; width[7]      ; width[10]     ; clk_50M      ; clk_50M     ; 0.000        ; 0.057      ; 1.039      ;
; 0.839 ; width[3]      ; width[6]      ; clk_50M      ; clk_50M     ; 0.000        ; 0.055      ; 1.038      ;
; 0.840 ; width[11]     ; width[14]     ; clk_50M      ; clk_50M     ; 0.000        ; 0.055      ; 1.039      ;
; 0.841 ; width[13]     ; width[16]     ; clk_50M      ; clk_50M     ; 0.000        ; 0.055      ; 1.040      ;
; 0.841 ; width[9]      ; width[12]     ; clk_50M      ; clk_50M     ; 0.000        ; 0.055      ; 1.040      ;
; 0.846 ; width[6]      ; width[9]      ; clk_50M      ; clk_50M     ; 0.000        ; 0.057      ; 1.047      ;
; 0.848 ; width[1]      ; width[3]      ; clk_50M      ; clk_50M     ; 0.000        ; 0.055      ; 1.047      ;
; 0.848 ; width[8]      ; width[11]     ; clk_50M      ; clk_50M     ; 0.000        ; 0.055      ; 1.047      ;
; 0.849 ; width[4]      ; width[7]      ; clk_50M      ; clk_50M     ; 0.000        ; 0.055      ; 1.048      ;
; 0.849 ; width[10]     ; width[13]     ; clk_50M      ; clk_50M     ; 0.000        ; 0.055      ; 1.048      ;
; 0.849 ; width[0]      ; width[3]      ; clk_50M      ; clk_50M     ; 0.000        ; 0.055      ; 1.048      ;
; 0.850 ; width[2]      ; width[5]      ; clk_50M      ; clk_50M     ; 0.000        ; 0.055      ; 1.049      ;
; 0.850 ; width[12]     ; width[15]     ; clk_50M      ; clk_50M     ; 0.000        ; 0.055      ; 1.049      ;
; 0.853 ; width[6]      ; width[10]     ; clk_50M      ; clk_50M     ; 0.000        ; 0.057      ; 1.054      ;
; 0.854 ; width[4]      ; width[8]      ; clk_50M      ; clk_50M     ; 0.000        ; 0.057      ; 1.055      ;
; 0.855 ; width[1]      ; width[4]      ; clk_50M      ; clk_50M     ; 0.000        ; 0.055      ; 1.054      ;
; 0.855 ; width[8]      ; width[12]     ; clk_50M      ; clk_50M     ; 0.000        ; 0.055      ; 1.054      ;
; 0.856 ; width[10]     ; width[14]     ; clk_50M      ; clk_50M     ; 0.000        ; 0.055      ; 1.055      ;
; 0.856 ; width[0]      ; width[4]      ; clk_50M      ; clk_50M     ; 0.000        ; 0.055      ; 1.055      ;
; 0.857 ; width[2]      ; width[6]      ; clk_50M      ; clk_50M     ; 0.000        ; 0.055      ; 1.056      ;
; 0.857 ; width[12]     ; width[16]     ; clk_50M      ; clk_50M     ; 0.000        ; 0.055      ; 1.056      ;
; 0.877 ; width[8]      ; out~reg0      ; clk_50M      ; clk_50M     ; 0.000        ; 0.055      ; 1.076      ;
; 0.916 ; state[1]~reg0 ; counter[16]   ; clk_50M      ; clk_50M     ; 0.000        ; -0.261     ; 0.799      ;
; 0.917 ; state[1]~reg0 ; counter[10]   ; clk_50M      ; clk_50M     ; 0.000        ; -0.261     ; 0.800      ;
; 0.926 ; width[5]      ; width[9]      ; clk_50M      ; clk_50M     ; 0.000        ; 0.057      ; 1.127      ;
; 0.927 ; width[7]      ; width[11]     ; clk_50M      ; clk_50M     ; 0.000        ; 0.057      ; 1.128      ;
; 0.928 ; counter[4]    ; counter[5]    ; clk_50M      ; clk_50M     ; 0.000        ; 0.384      ; 1.456      ;
; 0.928 ; width[3]      ; width[7]      ; clk_50M      ; clk_50M     ; 0.000        ; 0.055      ; 1.127      ;
; 0.929 ; width[11]     ; width[15]     ; clk_50M      ; clk_50M     ; 0.000        ; 0.055      ; 1.128      ;
; 0.930 ; width[9]      ; width[13]     ; clk_50M      ; clk_50M     ; 0.000        ; 0.055      ; 1.129      ;
; 0.931 ; counter[4]    ; counter[6]    ; clk_50M      ; clk_50M     ; 0.000        ; 0.384      ; 1.459      ;
; 0.933 ; width[5]      ; width[10]     ; clk_50M      ; clk_50M     ; 0.000        ; 0.057      ; 1.134      ;
; 0.933 ; width[3]      ; width[8]      ; clk_50M      ; clk_50M     ; 0.000        ; 0.057      ; 1.134      ;
; 0.934 ; width[7]      ; width[12]     ; clk_50M      ; clk_50M     ; 0.000        ; 0.057      ; 1.135      ;
; 0.936 ; width[11]     ; width[16]     ; clk_50M      ; clk_50M     ; 0.000        ; 0.055      ; 1.135      ;
; 0.937 ; width[9]      ; width[14]     ; clk_50M      ; clk_50M     ; 0.000        ; 0.055      ; 1.136      ;
; 0.942 ; width[6]      ; width[11]     ; clk_50M      ; clk_50M     ; 0.000        ; 0.057      ; 1.143      ;
; 0.943 ; width[4]      ; width[9]      ; clk_50M      ; clk_50M     ; 0.000        ; 0.057      ; 1.144      ;
; 0.944 ; width[1]      ; width[5]      ; clk_50M      ; clk_50M     ; 0.000        ; 0.055      ; 1.143      ;
; 0.944 ; width[8]      ; width[13]     ; clk_50M      ; clk_50M     ; 0.000        ; 0.055      ; 1.143      ;
; 0.945 ; width[10]     ; width[15]     ; clk_50M      ; clk_50M     ; 0.000        ; 0.055      ; 1.144      ;
; 0.945 ; width[0]      ; width[5]      ; clk_50M      ; clk_50M     ; 0.000        ; 0.055      ; 1.144      ;
; 0.946 ; width[2]      ; width[7]      ; clk_50M      ; clk_50M     ; 0.000        ; 0.055      ; 1.145      ;
+-------+---------------+---------------+--------------+-------------+--------------+------------+------------+


----------------------------------------------
; Slow 1200mV 0C Model Metastability Summary ;
----------------------------------------------
No synchronizer chains to report.


+------------------------------------+
; Fast 1200mV 0C Model Setup Summary ;
+---------+--------+-----------------+
; Clock   ; Slack  ; End Point TNS   ;
+---------+--------+-----------------+
; clk_50M ; -1.957 ; -51.398         ;
+---------+--------+-----------------+


+-----------------------------------+
; Fast 1200mV 0C Model Hold Summary ;
+---------+-------+-----------------+
; Clock   ; Slack ; End Point TNS   ;
+---------+-------+-----------------+
; clk_50M ; 0.178 ; 0.000           ;
+---------+-------+-----------------+


-----------------------------------------
; Fast 1200mV 0C Model Recovery Summary ;
-----------------------------------------
No paths to report.


----------------------------------------
; Fast 1200mV 0C Model Removal Summary ;
----------------------------------------
No paths to report.


+--------------------------------------------------+
; Fast 1200mV 0C Model Minimum Pulse Width Summary ;
+---------+--------+-------------------------------+
; Clock   ; Slack  ; End Point TNS                 ;
+---------+--------+-------------------------------+
; clk_50M ; -3.000 ; -43.200                       ;
+---------+--------+-------------------------------+


+---------------------------------------------------------------------------------------------------------+
; Fast 1200mV 0C Model Setup: 'clk_50M'                                                                   ;
+--------+------------+-------------+--------------+-------------+--------------+------------+------------+
; Slack  ; From Node  ; To Node     ; Launch Clock ; Latch Clock ; Relationship ; Clock Skew ; Data Delay ;
+--------+------------+-------------+--------------+-------------+--------------+------------+------------+
; -1.957 ; counter[1] ; counter[1]  ; clk_50M      ; clk_50M     ; 1.000        ; -0.037     ; 2.907      ;
; -1.957 ; counter[1] ; counter[4]  ; clk_50M      ; clk_50M     ; 1.000        ; -0.037     ; 2.907      ;
; -1.956 ; counter[1] ; counter[3]  ; clk_50M      ; clk_50M     ; 1.000        ; -0.037     ; 2.906      ;
; -1.956 ; counter[1] ; counter[2]  ; clk_50M      ; clk_50M     ; 1.000        ; -0.037     ; 2.906      ;
; -1.955 ; counter[1] ; counter[0]  ; clk_50M      ; clk_50M     ; 1.000        ; -0.037     ; 2.905      ;
; -1.907 ; counter[0] ; counter[1]  ; clk_50M      ; clk_50M     ; 1.000        ; -0.037     ; 2.857      ;
; -1.907 ; counter[0] ; counter[4]  ; clk_50M      ; clk_50M     ; 1.000        ; -0.037     ; 2.857      ;
; -1.906 ; counter[0] ; counter[3]  ; clk_50M      ; clk_50M     ; 1.000        ; -0.037     ; 2.856      ;
; -1.906 ; counter[0] ; counter[2]  ; clk_50M      ; clk_50M     ; 1.000        ; -0.037     ; 2.856      ;
; -1.905 ; counter[0] ; counter[0]  ; clk_50M      ; clk_50M     ; 1.000        ; -0.037     ; 2.855      ;
; -1.889 ; counter[3] ; counter[1]  ; clk_50M      ; clk_50M     ; 1.000        ; -0.037     ; 2.839      ;
; -1.889 ; counter[3] ; counter[4]  ; clk_50M      ; clk_50M     ; 1.000        ; -0.037     ; 2.839      ;
; -1.888 ; counter[3] ; counter[3]  ; clk_50M      ; clk_50M     ; 1.000        ; -0.037     ; 2.838      ;
; -1.888 ; counter[3] ; counter[2]  ; clk_50M      ; clk_50M     ; 1.000        ; -0.037     ; 2.838      ;
; -1.887 ; counter[3] ; counter[0]  ; clk_50M      ; clk_50M     ; 1.000        ; -0.037     ; 2.837      ;
; -1.871 ; counter[5] ; counter[1]  ; clk_50M      ; clk_50M     ; 1.000        ; -0.234     ; 2.624      ;
; -1.871 ; counter[5] ; counter[4]  ; clk_50M      ; clk_50M     ; 1.000        ; -0.234     ; 2.624      ;
; -1.870 ; counter[5] ; counter[3]  ; clk_50M      ; clk_50M     ; 1.000        ; -0.234     ; 2.623      ;
; -1.870 ; counter[5] ; counter[2]  ; clk_50M      ; clk_50M     ; 1.000        ; -0.234     ; 2.623      ;
; -1.869 ; counter[5] ; counter[0]  ; clk_50M      ; clk_50M     ; 1.000        ; -0.234     ; 2.622      ;
; -1.840 ; counter[2] ; counter[1]  ; clk_50M      ; clk_50M     ; 1.000        ; -0.037     ; 2.790      ;
; -1.840 ; counter[2] ; counter[4]  ; clk_50M      ; clk_50M     ; 1.000        ; -0.037     ; 2.790      ;
; -1.839 ; counter[2] ; counter[3]  ; clk_50M      ; clk_50M     ; 1.000        ; -0.037     ; 2.789      ;
; -1.839 ; counter[2] ; counter[2]  ; clk_50M      ; clk_50M     ; 1.000        ; -0.037     ; 2.789      ;
; -1.838 ; counter[2] ; counter[0]  ; clk_50M      ; clk_50M     ; 1.000        ; -0.037     ; 2.788      ;
; -1.774 ; counter[7] ; counter[1]  ; clk_50M      ; clk_50M     ; 1.000        ; -0.234     ; 2.527      ;
; -1.774 ; counter[7] ; counter[4]  ; clk_50M      ; clk_50M     ; 1.000        ; -0.234     ; 2.527      ;
; -1.773 ; counter[7] ; counter[3]  ; clk_50M      ; clk_50M     ; 1.000        ; -0.234     ; 2.526      ;
; -1.773 ; counter[7] ; counter[2]  ; clk_50M      ; clk_50M     ; 1.000        ; -0.234     ; 2.526      ;
; -1.772 ; counter[7] ; counter[0]  ; clk_50M      ; clk_50M     ; 1.000        ; -0.234     ; 2.525      ;
; -1.765 ; counter[1] ; counter[5]  ; clk_50M      ; clk_50M     ; 1.000        ; 0.153      ; 2.905      ;
; -1.764 ; counter[1] ; counter[7]  ; clk_50M      ; clk_50M     ; 1.000        ; 0.153      ; 2.904      ;
; -1.764 ; counter[1] ; counter[6]  ; clk_50M      ; clk_50M     ; 1.000        ; 0.153      ; 2.904      ;
; -1.759 ; counter[6] ; counter[1]  ; clk_50M      ; clk_50M     ; 1.000        ; -0.234     ; 2.512      ;
; -1.759 ; counter[6] ; counter[4]  ; clk_50M      ; clk_50M     ; 1.000        ; -0.234     ; 2.512      ;
; -1.758 ; counter[6] ; counter[3]  ; clk_50M      ; clk_50M     ; 1.000        ; -0.234     ; 2.511      ;
; -1.758 ; counter[6] ; counter[2]  ; clk_50M      ; clk_50M     ; 1.000        ; -0.234     ; 2.511      ;
; -1.757 ; counter[6] ; counter[0]  ; clk_50M      ; clk_50M     ; 1.000        ; -0.234     ; 2.510      ;
; -1.743 ; counter[1] ; counter[14] ; clk_50M      ; clk_50M     ; 1.000        ; -0.037     ; 2.693      ;
; -1.734 ; counter[4] ; counter[1]  ; clk_50M      ; clk_50M     ; 1.000        ; -0.037     ; 2.684      ;
; -1.734 ; counter[4] ; counter[4]  ; clk_50M      ; clk_50M     ; 1.000        ; -0.037     ; 2.684      ;
; -1.733 ; counter[4] ; counter[3]  ; clk_50M      ; clk_50M     ; 1.000        ; -0.037     ; 2.683      ;
; -1.733 ; counter[4] ; counter[2]  ; clk_50M      ; clk_50M     ; 1.000        ; -0.037     ; 2.683      ;
; -1.732 ; counter[4] ; counter[0]  ; clk_50M      ; clk_50M     ; 1.000        ; -0.037     ; 2.682      ;
; -1.715 ; counter[0] ; counter[5]  ; clk_50M      ; clk_50M     ; 1.000        ; 0.153      ; 2.855      ;
; -1.714 ; counter[0] ; counter[7]  ; clk_50M      ; clk_50M     ; 1.000        ; 0.153      ; 2.854      ;
; -1.714 ; counter[0] ; counter[6]  ; clk_50M      ; clk_50M     ; 1.000        ; 0.153      ; 2.854      ;
; -1.712 ; counter[1] ; counter[8]  ; clk_50M      ; clk_50M     ; 1.000        ; -0.036     ; 2.663      ;
; -1.697 ; counter[3] ; counter[5]  ; clk_50M      ; clk_50M     ; 1.000        ; 0.153      ; 2.837      ;
; -1.696 ; counter[3] ; counter[7]  ; clk_50M      ; clk_50M     ; 1.000        ; 0.153      ; 2.836      ;
; -1.696 ; counter[3] ; counter[6]  ; clk_50M      ; clk_50M     ; 1.000        ; 0.153      ; 2.836      ;
; -1.693 ; counter[0] ; counter[14] ; clk_50M      ; clk_50M     ; 1.000        ; -0.037     ; 2.643      ;
; -1.679 ; counter[5] ; counter[5]  ; clk_50M      ; clk_50M     ; 1.000        ; -0.044     ; 2.622      ;
; -1.678 ; counter[5] ; counter[7]  ; clk_50M      ; clk_50M     ; 1.000        ; -0.044     ; 2.621      ;
; -1.678 ; counter[5] ; counter[6]  ; clk_50M      ; clk_50M     ; 1.000        ; -0.044     ; 2.621      ;
; -1.675 ; counter[3] ; counter[14] ; clk_50M      ; clk_50M     ; 1.000        ; -0.037     ; 2.625      ;
; -1.662 ; counter[0] ; counter[8]  ; clk_50M      ; clk_50M     ; 1.000        ; -0.036     ; 2.613      ;
; -1.661 ; counter[1] ; counter[10] ; clk_50M      ; clk_50M     ; 1.000        ; -0.037     ; 2.611      ;
; -1.660 ; counter[1] ; counter[16] ; clk_50M      ; clk_50M     ; 1.000        ; -0.037     ; 2.610      ;
; -1.659 ; counter[1] ; counter[9]  ; clk_50M      ; clk_50M     ; 1.000        ; -0.037     ; 2.609      ;
; -1.659 ; counter[1] ; counter[11] ; clk_50M      ; clk_50M     ; 1.000        ; -0.037     ; 2.609      ;
; -1.658 ; counter[1] ; counter[15] ; clk_50M      ; clk_50M     ; 1.000        ; -0.037     ; 2.608      ;
; -1.657 ; counter[1] ; counter[13] ; clk_50M      ; clk_50M     ; 1.000        ; -0.037     ; 2.607      ;
; -1.657 ; counter[5] ; counter[14] ; clk_50M      ; clk_50M     ; 1.000        ; -0.234     ; 2.410      ;
; -1.652 ; counter[1] ; counter[12] ; clk_50M      ; clk_50M     ; 1.000        ; -0.037     ; 2.602      ;
; -1.648 ; counter[2] ; counter[5]  ; clk_50M      ; clk_50M     ; 1.000        ; 0.153      ; 2.788      ;
; -1.647 ; counter[2] ; counter[7]  ; clk_50M      ; clk_50M     ; 1.000        ; 0.153      ; 2.787      ;
; -1.647 ; counter[2] ; counter[6]  ; clk_50M      ; clk_50M     ; 1.000        ; 0.153      ; 2.787      ;
; -1.644 ; counter[3] ; counter[8]  ; clk_50M      ; clk_50M     ; 1.000        ; -0.036     ; 2.595      ;
; -1.626 ; counter[2] ; counter[14] ; clk_50M      ; clk_50M     ; 1.000        ; -0.037     ; 2.576      ;
; -1.626 ; counter[5] ; counter[8]  ; clk_50M      ; clk_50M     ; 1.000        ; -0.233     ; 2.380      ;
; -1.611 ; counter[0] ; counter[10] ; clk_50M      ; clk_50M     ; 1.000        ; -0.037     ; 2.561      ;
; -1.610 ; counter[0] ; counter[16] ; clk_50M      ; clk_50M     ; 1.000        ; -0.037     ; 2.560      ;
; -1.609 ; counter[0] ; counter[9]  ; clk_50M      ; clk_50M     ; 1.000        ; -0.037     ; 2.559      ;
; -1.609 ; counter[0] ; counter[11] ; clk_50M      ; clk_50M     ; 1.000        ; -0.037     ; 2.559      ;
; -1.608 ; counter[0] ; counter[15] ; clk_50M      ; clk_50M     ; 1.000        ; -0.037     ; 2.558      ;
; -1.607 ; counter[0] ; counter[13] ; clk_50M      ; clk_50M     ; 1.000        ; -0.037     ; 2.557      ;
; -1.602 ; counter[0] ; counter[12] ; clk_50M      ; clk_50M     ; 1.000        ; -0.037     ; 2.552      ;
; -1.595 ; counter[2] ; counter[8]  ; clk_50M      ; clk_50M     ; 1.000        ; -0.036     ; 2.546      ;
; -1.593 ; counter[3] ; counter[10] ; clk_50M      ; clk_50M     ; 1.000        ; -0.037     ; 2.543      ;
; -1.592 ; counter[3] ; counter[16] ; clk_50M      ; clk_50M     ; 1.000        ; -0.037     ; 2.542      ;
; -1.591 ; counter[3] ; counter[9]  ; clk_50M      ; clk_50M     ; 1.000        ; -0.037     ; 2.541      ;
; -1.591 ; counter[3] ; counter[11] ; clk_50M      ; clk_50M     ; 1.000        ; -0.037     ; 2.541      ;
; -1.590 ; counter[3] ; counter[15] ; clk_50M      ; clk_50M     ; 1.000        ; -0.037     ; 2.540      ;
; -1.589 ; counter[3] ; counter[13] ; clk_50M      ; clk_50M     ; 1.000        ; -0.037     ; 2.539      ;
; -1.584 ; counter[3] ; counter[12] ; clk_50M      ; clk_50M     ; 1.000        ; -0.037     ; 2.534      ;
; -1.582 ; counter[7] ; counter[5]  ; clk_50M      ; clk_50M     ; 1.000        ; -0.044     ; 2.525      ;
; -1.581 ; counter[7] ; counter[7]  ; clk_50M      ; clk_50M     ; 1.000        ; -0.044     ; 2.524      ;
; -1.581 ; counter[7] ; counter[6]  ; clk_50M      ; clk_50M     ; 1.000        ; -0.044     ; 2.524      ;
; -1.575 ; counter[5] ; counter[10] ; clk_50M      ; clk_50M     ; 1.000        ; -0.234     ; 2.328      ;
; -1.574 ; counter[5] ; counter[16] ; clk_50M      ; clk_50M     ; 1.000        ; -0.234     ; 2.327      ;
; -1.573 ; counter[5] ; counter[9]  ; clk_50M      ; clk_50M     ; 1.000        ; -0.234     ; 2.326      ;
; -1.573 ; counter[5] ; counter[11] ; clk_50M      ; clk_50M     ; 1.000        ; -0.234     ; 2.326      ;
; -1.572 ; counter[5] ; counter[15] ; clk_50M      ; clk_50M     ; 1.000        ; -0.234     ; 2.325      ;
; -1.571 ; counter[5] ; counter[13] ; clk_50M      ; clk_50M     ; 1.000        ; -0.234     ; 2.324      ;
; -1.567 ; counter[6] ; counter[5]  ; clk_50M      ; clk_50M     ; 1.000        ; -0.044     ; 2.510      ;
; -1.566 ; counter[5] ; counter[12] ; clk_50M      ; clk_50M     ; 1.000        ; -0.234     ; 2.319      ;
; -1.566 ; counter[6] ; counter[7]  ; clk_50M      ; clk_50M     ; 1.000        ; -0.044     ; 2.509      ;
; -1.566 ; counter[6] ; counter[6]  ; clk_50M      ; clk_50M     ; 1.000        ; -0.044     ; 2.509      ;
; -1.560 ; counter[7] ; counter[14] ; clk_50M      ; clk_50M     ; 1.000        ; -0.234     ; 2.313      ;
+--------+------------+-------------+--------------+-------------+--------------+------------+------------+


+-------------------------------------------------------------------------------------------------------------+
; Fast 1200mV 0C Model Hold: 'clk_50M'                                                                        ;
+-------+---------------+---------------+--------------+-------------+--------------+------------+------------+
; Slack ; From Node     ; To Node       ; Launch Clock ; Latch Clock ; Relationship ; Clock Skew ; Data Delay ;
+-------+---------------+---------------+--------------+-------------+--------------+------------+------------+
; 0.178 ; trigger~reg0  ; trigger~reg0  ; clk_50M      ; clk_50M     ; 0.000        ; 0.045      ; 0.307      ;
; 0.178 ; state[0]~reg0 ; state[0]~reg0 ; clk_50M      ; clk_50M     ; 0.000        ; 0.045      ; 0.307      ;
; 0.178 ; state[1]~reg0 ; state[1]~reg0 ; clk_50M      ; clk_50M     ; 0.000        ; 0.045      ; 0.307      ;
; 0.186 ; out~reg0      ; out~reg0      ; clk_50M      ; clk_50M     ; 0.000        ; 0.037      ; 0.307      ;
; 0.197 ; width[16]     ; width[16]     ; clk_50M      ; clk_50M     ; 0.000        ; 0.037      ; 0.318      ;
; 0.295 ; width[7]      ; width[7]      ; clk_50M      ; clk_50M     ; 0.000        ; 0.037      ; 0.416      ;
; 0.296 ; width[5]      ; width[5]      ; clk_50M      ; clk_50M     ; 0.000        ; 0.037      ; 0.417      ;
; 0.297 ; width[8]      ; width[8]      ; clk_50M      ; clk_50M     ; 0.000        ; 0.037      ; 0.418      ;
; 0.297 ; width[3]      ; width[3]      ; clk_50M      ; clk_50M     ; 0.000        ; 0.037      ; 0.418      ;
; 0.297 ; width[9]      ; width[9]      ; clk_50M      ; clk_50M     ; 0.000        ; 0.037      ; 0.418      ;
; 0.297 ; width[11]     ; width[11]     ; clk_50M      ; clk_50M     ; 0.000        ; 0.037      ; 0.418      ;
; 0.297 ; width[13]     ; width[13]     ; clk_50M      ; clk_50M     ; 0.000        ; 0.037      ; 0.418      ;
; 0.298 ; width[4]      ; width[4]      ; clk_50M      ; clk_50M     ; 0.000        ; 0.037      ; 0.419      ;
; 0.298 ; width[6]      ; width[6]      ; clk_50M      ; clk_50M     ; 0.000        ; 0.037      ; 0.419      ;
; 0.298 ; width[15]     ; width[15]     ; clk_50M      ; clk_50M     ; 0.000        ; 0.037      ; 0.419      ;
; 0.299 ; width[2]      ; width[2]      ; clk_50M      ; clk_50M     ; 0.000        ; 0.037      ; 0.420      ;
; 0.299 ; width[10]     ; width[10]     ; clk_50M      ; clk_50M     ; 0.000        ; 0.037      ; 0.420      ;
; 0.299 ; width[14]     ; width[14]     ; clk_50M      ; clk_50M     ; 0.000        ; 0.037      ; 0.420      ;
; 0.300 ; width[12]     ; width[12]     ; clk_50M      ; clk_50M     ; 0.000        ; 0.037      ; 0.421      ;
; 0.305 ; width[1]      ; width[1]      ; clk_50M      ; clk_50M     ; 0.000        ; 0.037      ; 0.426      ;
; 0.309 ; state[0]~reg0 ; state[1]~reg0 ; clk_50M      ; clk_50M     ; 0.000        ; 0.045      ; 0.438      ;
; 0.310 ; width[0]      ; width[0]      ; clk_50M      ; clk_50M     ; 0.000        ; 0.037      ; 0.431      ;
; 0.320 ; state[0]~reg0 ; trigger~reg0  ; clk_50M      ; clk_50M     ; 0.000        ; 0.045      ; 0.449      ;
; 0.345 ; state[1]~reg0 ; state[0]~reg0 ; clk_50M      ; clk_50M     ; 0.000        ; 0.045      ; 0.474      ;
; 0.413 ; state[1]~reg0 ; trigger~reg0  ; clk_50M      ; clk_50M     ; 0.000        ; 0.045      ; 0.542      ;
; 0.442 ; width[7]      ; width[8]      ; clk_50M      ; clk_50M     ; 0.000        ; 0.039      ; 0.565      ;
; 0.445 ; width[5]      ; width[6]      ; clk_50M      ; clk_50M     ; 0.000        ; 0.037      ; 0.566      ;
; 0.446 ; width[3]      ; width[4]      ; clk_50M      ; clk_50M     ; 0.000        ; 0.037      ; 0.567      ;
; 0.446 ; width[9]      ; width[10]     ; clk_50M      ; clk_50M     ; 0.000        ; 0.037      ; 0.567      ;
; 0.446 ; width[13]     ; width[14]     ; clk_50M      ; clk_50M     ; 0.000        ; 0.037      ; 0.567      ;
; 0.446 ; width[11]     ; width[12]     ; clk_50M      ; clk_50M     ; 0.000        ; 0.037      ; 0.567      ;
; 0.447 ; width[15]     ; width[16]     ; clk_50M      ; clk_50M     ; 0.000        ; 0.037      ; 0.568      ;
; 0.454 ; width[1]      ; width[2]      ; clk_50M      ; clk_50M     ; 0.000        ; 0.037      ; 0.575      ;
; 0.455 ; width[8]      ; width[9]      ; clk_50M      ; clk_50M     ; 0.000        ; 0.037      ; 0.576      ;
; 0.456 ; width[6]      ; width[7]      ; clk_50M      ; clk_50M     ; 0.000        ; 0.037      ; 0.577      ;
; 0.456 ; width[4]      ; width[5]      ; clk_50M      ; clk_50M     ; 0.000        ; 0.037      ; 0.577      ;
; 0.457 ; width[2]      ; width[3]      ; clk_50M      ; clk_50M     ; 0.000        ; 0.037      ; 0.578      ;
; 0.457 ; width[10]     ; width[11]     ; clk_50M      ; clk_50M     ; 0.000        ; 0.037      ; 0.578      ;
; 0.457 ; width[14]     ; width[15]     ; clk_50M      ; clk_50M     ; 0.000        ; 0.037      ; 0.578      ;
; 0.457 ; width[0]      ; width[1]      ; clk_50M      ; clk_50M     ; 0.000        ; 0.037      ; 0.578      ;
; 0.457 ; width[6]      ; width[8]      ; clk_50M      ; clk_50M     ; 0.000        ; 0.039      ; 0.580      ;
; 0.458 ; width[12]     ; width[13]     ; clk_50M      ; clk_50M     ; 0.000        ; 0.037      ; 0.579      ;
; 0.458 ; width[8]      ; width[10]     ; clk_50M      ; clk_50M     ; 0.000        ; 0.037      ; 0.579      ;
; 0.459 ; width[4]      ; width[6]      ; clk_50M      ; clk_50M     ; 0.000        ; 0.037      ; 0.580      ;
; 0.460 ; width[2]      ; width[4]      ; clk_50M      ; clk_50M     ; 0.000        ; 0.037      ; 0.581      ;
; 0.460 ; width[10]     ; width[12]     ; clk_50M      ; clk_50M     ; 0.000        ; 0.037      ; 0.581      ;
; 0.460 ; width[14]     ; width[16]     ; clk_50M      ; clk_50M     ; 0.000        ; 0.037      ; 0.581      ;
; 0.460 ; width[0]      ; width[2]      ; clk_50M      ; clk_50M     ; 0.000        ; 0.037      ; 0.581      ;
; 0.461 ; width[12]     ; width[14]     ; clk_50M      ; clk_50M     ; 0.000        ; 0.037      ; 0.582      ;
; 0.493 ; width[16]     ; out~reg0      ; clk_50M      ; clk_50M     ; 0.000        ; 0.037      ; 0.614      ;
; 0.505 ; width[7]      ; width[9]      ; clk_50M      ; clk_50M     ; 0.000        ; 0.039      ; 0.628      ;
; 0.508 ; width[5]      ; width[7]      ; clk_50M      ; clk_50M     ; 0.000        ; 0.037      ; 0.629      ;
; 0.508 ; width[7]      ; width[10]     ; clk_50M      ; clk_50M     ; 0.000        ; 0.039      ; 0.631      ;
; 0.509 ; width[3]      ; width[5]      ; clk_50M      ; clk_50M     ; 0.000        ; 0.037      ; 0.630      ;
; 0.509 ; width[9]      ; width[11]     ; clk_50M      ; clk_50M     ; 0.000        ; 0.037      ; 0.630      ;
; 0.509 ; width[13]     ; width[15]     ; clk_50M      ; clk_50M     ; 0.000        ; 0.037      ; 0.630      ;
; 0.509 ; width[5]      ; width[8]      ; clk_50M      ; clk_50M     ; 0.000        ; 0.039      ; 0.632      ;
; 0.509 ; width[11]     ; width[13]     ; clk_50M      ; clk_50M     ; 0.000        ; 0.037      ; 0.630      ;
; 0.512 ; width[3]      ; width[6]      ; clk_50M      ; clk_50M     ; 0.000        ; 0.037      ; 0.633      ;
; 0.512 ; width[9]      ; width[12]     ; clk_50M      ; clk_50M     ; 0.000        ; 0.037      ; 0.633      ;
; 0.512 ; width[13]     ; width[16]     ; clk_50M      ; clk_50M     ; 0.000        ; 0.037      ; 0.633      ;
; 0.512 ; width[11]     ; width[14]     ; clk_50M      ; clk_50M     ; 0.000        ; 0.037      ; 0.633      ;
; 0.512 ; width[8]      ; out~reg0      ; clk_50M      ; clk_50M     ; 0.000        ; 0.037      ; 0.633      ;
; 0.517 ; width[1]      ; width[3]      ; clk_50M      ; clk_50M     ; 0.000        ; 0.037      ; 0.638      ;
; 0.520 ; width[1]      ; width[4]      ; clk_50M      ; clk_50M     ; 0.000        ; 0.037      ; 0.641      ;
; 0.520 ; width[6]      ; width[9]      ; clk_50M      ; clk_50M     ; 0.000        ; 0.039      ; 0.643      ;
; 0.521 ; width[8]      ; width[11]     ; clk_50M      ; clk_50M     ; 0.000        ; 0.037      ; 0.642      ;
; 0.522 ; width[4]      ; width[7]      ; clk_50M      ; clk_50M     ; 0.000        ; 0.037      ; 0.643      ;
; 0.523 ; width[6]      ; width[10]     ; clk_50M      ; clk_50M     ; 0.000        ; 0.039      ; 0.646      ;
; 0.523 ; width[2]      ; width[5]      ; clk_50M      ; clk_50M     ; 0.000        ; 0.037      ; 0.644      ;
; 0.523 ; width[4]      ; width[8]      ; clk_50M      ; clk_50M     ; 0.000        ; 0.039      ; 0.646      ;
; 0.523 ; width[10]     ; width[13]     ; clk_50M      ; clk_50M     ; 0.000        ; 0.037      ; 0.644      ;
; 0.523 ; width[0]      ; width[3]      ; clk_50M      ; clk_50M     ; 0.000        ; 0.037      ; 0.644      ;
; 0.524 ; width[12]     ; width[15]     ; clk_50M      ; clk_50M     ; 0.000        ; 0.037      ; 0.645      ;
; 0.524 ; width[8]      ; width[12]     ; clk_50M      ; clk_50M     ; 0.000        ; 0.037      ; 0.645      ;
; 0.526 ; width[2]      ; width[6]      ; clk_50M      ; clk_50M     ; 0.000        ; 0.037      ; 0.647      ;
; 0.526 ; width[10]     ; width[14]     ; clk_50M      ; clk_50M     ; 0.000        ; 0.037      ; 0.647      ;
; 0.526 ; width[0]      ; width[4]      ; clk_50M      ; clk_50M     ; 0.000        ; 0.037      ; 0.647      ;
; 0.527 ; width[12]     ; width[16]     ; clk_50M      ; clk_50M     ; 0.000        ; 0.037      ; 0.648      ;
; 0.554 ; state[1]~reg0 ; counter[16]   ; clk_50M      ; clk_50M     ; 0.000        ; -0.153     ; 0.485      ;
; 0.555 ; state[1]~reg0 ; counter[10]   ; clk_50M      ; clk_50M     ; 0.000        ; -0.153     ; 0.486      ;
; 0.564 ; counter[4]    ; counter[5]    ; clk_50M      ; clk_50M     ; 0.000        ; 0.234      ; 0.882      ;
; 0.566 ; counter[4]    ; counter[6]    ; clk_50M      ; clk_50M     ; 0.000        ; 0.234      ; 0.884      ;
; 0.571 ; width[10]     ; out~reg0      ; clk_50M      ; clk_50M     ; 0.000        ; 0.037      ; 0.692      ;
; 0.571 ; width[7]      ; width[11]     ; clk_50M      ; clk_50M     ; 0.000        ; 0.039      ; 0.694      ;
; 0.572 ; width[5]      ; width[9]      ; clk_50M      ; clk_50M     ; 0.000        ; 0.039      ; 0.695      ;
; 0.574 ; width[7]      ; width[12]     ; clk_50M      ; clk_50M     ; 0.000        ; 0.039      ; 0.697      ;
; 0.575 ; width[3]      ; width[7]      ; clk_50M      ; clk_50M     ; 0.000        ; 0.037      ; 0.696      ;
; 0.575 ; width[5]      ; width[10]     ; clk_50M      ; clk_50M     ; 0.000        ; 0.039      ; 0.698      ;
; 0.575 ; width[9]      ; width[13]     ; clk_50M      ; clk_50M     ; 0.000        ; 0.037      ; 0.696      ;
; 0.575 ; width[11]     ; width[15]     ; clk_50M      ; clk_50M     ; 0.000        ; 0.037      ; 0.696      ;
; 0.576 ; width[3]      ; width[8]      ; clk_50M      ; clk_50M     ; 0.000        ; 0.039      ; 0.699      ;
; 0.578 ; width[9]      ; width[14]     ; clk_50M      ; clk_50M     ; 0.000        ; 0.037      ; 0.699      ;
; 0.578 ; width[11]     ; width[16]     ; clk_50M      ; clk_50M     ; 0.000        ; 0.037      ; 0.699      ;
; 0.583 ; width[1]      ; width[5]      ; clk_50M      ; clk_50M     ; 0.000        ; 0.037      ; 0.704      ;
; 0.586 ; width[1]      ; width[6]      ; clk_50M      ; clk_50M     ; 0.000        ; 0.037      ; 0.707      ;
; 0.586 ; width[6]      ; width[11]     ; clk_50M      ; clk_50M     ; 0.000        ; 0.039      ; 0.709      ;
; 0.586 ; width[4]      ; width[9]      ; clk_50M      ; clk_50M     ; 0.000        ; 0.039      ; 0.709      ;
; 0.587 ; width[8]      ; width[13]     ; clk_50M      ; clk_50M     ; 0.000        ; 0.037      ; 0.708      ;
; 0.589 ; width[6]      ; width[12]     ; clk_50M      ; clk_50M     ; 0.000        ; 0.039      ; 0.712      ;
+-------+---------------+---------------+--------------+-------------+--------------+------------+------------+


----------------------------------------------
; Fast 1200mV 0C Model Metastability Summary ;
----------------------------------------------
No synchronizer chains to report.


+--------------------------------------------------------------------------------+
; Multicorner Timing Analysis Summary                                            ;
+------------------+----------+-------+----------+---------+---------------------+
; Clock            ; Setup    ; Hold  ; Recovery ; Removal ; Minimum Pulse Width ;
+------------------+----------+-------+----------+---------+---------------------+
; Worst-case Slack ; -4.193   ; 0.178 ; N/A      ; N/A     ; -3.000              ;
;  clk_50M         ; -4.193   ; 0.178 ; N/A      ; N/A     ; -3.000              ;
; Design-wide TNS  ; -120.917 ; 0.0   ; 0.0      ; 0.0     ; -43.2               ;
;  clk_50M         ; -120.917 ; 0.000 ; N/A      ; N/A     ; -43.200             ;
+------------------+----------+-------+----------+---------+---------------------+


+------------------------------------------------------------------------------------------------------------------------------------------------------------------------------------------------------------------------------------------------------------------------------------------------------------------------------------------------------------------------------------------------------------------+
; Board Trace Model Assignments                                                                                                                                                                                                                                                                                                                                                                                    ;
+---------------+--------------+-------------------+-------------------------+-------------------------+---------------+---------------------+----------------+------------------+--------+------------------+------------------------+------------------------+--------------+---------------+-----------------+-------+---------------------+--------------------+---------------+-----------------+-------------+
; Pin           ; I/O Standard ; Near Tline Length ; Near Tline L per Length ; Near Tline C per Length ; Near Series R ; Near Differential R ; Near Pull-up R ; Near Pull-down R ; Near C ; Far Tline Length ; Far Tline L per Length ; Far Tline C per Length ; Far Series R ; Far Pull-up R ; Far Pull-down R ; Far C ; Termination Voltage ; Far Differential R ; EBD File Name ; EBD Signal Name ; EBD Far-end ;
+---------------+--------------+-------------------+-------------------------+-------------------------+---------------+---------------------+----------------+------------------+--------+------------------+------------------------+------------------------+--------------+---------------+-----------------+-------+---------------------+--------------------+---------------+-----------------+-------------+
; trigger       ; 2.5 V        ; 0 in              ; 0 H/in                  ; 0 F/in                  ; short         ; -                   ; open           ; open             ; open   ; 0 in             ; 0 H/in                 ; 0 F/in                 ; short        ; open          ; open            ; open  ; 0 V                 ; -                  ; n/a           ; n/a             ; n/a         ;
; out           ; 2.5 V        ; 0 in              ; 0 H/in                  ; 0 F/in                  ; short         ; -                   ; open           ; open             ; open   ; 0 in             ; 0 H/in                 ; 0 F/in                 ; short        ; open          ; open            ; open  ; 0 V                 ; -                  ; n/a           ; n/a             ; n/a         ;
; pulses[0]     ; 2.5 V        ; 0 in              ; 0 H/in                  ; 0 F/in                  ; short         ; -                   ; open           ; open             ; open   ; 0 in             ; 0 H/in                 ; 0 F/in                 ; short        ; open          ; open            ; open  ; 0 V                 ; -                  ; n/a           ; n/a             ; n/a         ;
; pulses[1]     ; 2.5 V        ; 0 in              ; 0 H/in                  ; 0 F/in                  ; short         ; -                   ; open           ; open             ; open   ; 0 in             ; 0 H/in                 ; 0 F/in                 ; short        ; open          ; open            ; open  ; 0 V                 ; -                  ; n/a           ; n/a             ; n/a         ;
; pulses[2]     ; 2.5 V        ; 0 in              ; 0 H/in                  ; 0 F/in                  ; short         ; -                   ; open           ; open             ; open   ; 0 in             ; 0 H/in                 ; 0 F/in                 ; short        ; open          ; open            ; open  ; 0 V                 ; -                  ; n/a           ; n/a             ; n/a         ;
; pulses[3]     ; 2.5 V        ; 0 in              ; 0 H/in                  ; 0 F/in                  ; short         ; -                   ; open           ; open             ; open   ; 0 in             ; 0 H/in                 ; 0 F/in                 ; short        ; open          ; open            ; open  ; 0 V                 ; -                  ; n/a           ; n/a             ; n/a         ;
; pulses[4]     ; 2.5 V        ; 0 in              ; 0 H/in                  ; 0 F/in                  ; short         ; -                   ; open           ; open             ; open   ; 0 in             ; 0 H/in                 ; 0 F/in                 ; short        ; open          ; open            ; open  ; 0 V                 ; -                  ; n/a           ; n/a             ; n/a         ;
; pulses[5]     ; 2.5 V        ; 0 in              ; 0 H/in                  ; 0 F/in                  ; short         ; -                   ; open           ; open             ; open   ; 0 in             ; 0 H/in                 ; 0 F/in                 ; short        ; open          ; open            ; open  ; 0 V                 ; -                  ; n/a           ; n/a             ; n/a         ;
; pulses[6]     ; 2.5 V        ; 0 in              ; 0 H/in                  ; 0 F/in                  ; short         ; -                   ; open           ; open             ; open   ; 0 in             ; 0 H/in                 ; 0 F/in                 ; short        ; open          ; open            ; open  ; 0 V                 ; -                  ; n/a           ; n/a             ; n/a         ;
; pulses[7]     ; 2.5 V        ; 0 in              ; 0 H/in                  ; 0 F/in                  ; short         ; -                   ; open           ; open             ; open   ; 0 in             ; 0 H/in                 ; 0 F/in                 ; short        ; open          ; open            ; open  ; 0 V                 ; -                  ; n/a           ; n/a             ; n/a         ;
; pulses[8]     ; 2.5 V        ; 0 in              ; 0 H/in                  ; 0 F/in                  ; short         ; -                   ; open           ; open             ; open   ; 0 in             ; 0 H/in                 ; 0 F/in                 ; short        ; open          ; open            ; open  ; 0 V                 ; -                  ; n/a           ; n/a             ; n/a         ;
; pulses[9]     ; 2.5 V        ; 0 in              ; 0 H/in                  ; 0 F/in                  ; short         ; -                   ; open           ; open             ; open   ; 0 in             ; 0 H/in                 ; 0 F/in                 ; short        ; open          ; open            ; open  ; 0 V                 ; -                  ; n/a           ; n/a             ; n/a         ;
; pulses[10]    ; 2.5 V        ; 0 in              ; 0 H/in                  ; 0 F/in                  ; short         ; -                   ; open           ; open             ; open   ; 0 in             ; 0 H/in                 ; 0 F/in                 ; short        ; open          ; open            ; open  ; 0 V                 ; -                  ; n/a           ; n/a             ; n/a         ;
; pulses[11]    ; 2.5 V        ; 0 in              ; 0 H/in                  ; 0 F/in                  ; short         ; -                   ; open           ; open             ; open   ; 0 in             ; 0 H/in                 ; 0 F/in                 ; short        ; open          ; open            ; open  ; 0 V                 ; -                  ; n/a           ; n/a             ; n/a         ;
; pulses[12]    ; 2.5 V        ; 0 in              ; 0 H/in                  ; 0 F/in                  ; short         ; -                   ; open           ; open             ; open   ; 0 in             ; 0 H/in                 ; 0 F/in                 ; short        ; open          ; open            ; open  ; 0 V                 ; -                  ; n/a           ; n/a             ; n/a         ;
; pulses[13]    ; 2.5 V        ; 0 in              ; 0 H/in                  ; 0 F/in                  ; short         ; -                   ; open           ; open             ; open   ; 0 in             ; 0 H/in                 ; 0 F/in                 ; short        ; open          ; open            ; open  ; 0 V                 ; -                  ; n/a           ; n/a             ; n/a         ;
; pulses[14]    ; 2.5 V        ; 0 in              ; 0 H/in                  ; 0 F/in                  ; short         ; -                   ; open           ; open             ; open   ; 0 in             ; 0 H/in                 ; 0 F/in                 ; short        ; open          ; open            ; open  ; 0 V                 ; -                  ; n/a           ; n/a             ; n/a         ;
; pulses[15]    ; 2.5 V        ; 0 in              ; 0 H/in                  ; 0 F/in                  ; short         ; -                   ; open           ; open             ; open   ; 0 in             ; 0 H/in                 ; 0 F/in                 ; short        ; open          ; open            ; open  ; 0 V                 ; -                  ; n/a           ; n/a             ; n/a         ;
; pulses[16]    ; 2.5 V        ; 0 in              ; 0 H/in                  ; 0 F/in                  ; short         ; -                   ; open           ; open             ; open   ; 0 in             ; 0 H/in                 ; 0 F/in                 ; short        ; open          ; open            ; open  ; 0 V                 ; -                  ; n/a           ; n/a             ; n/a         ;
; pulses[17]    ; 2.5 V        ; 0 in              ; 0 H/in                  ; 0 F/in                  ; short         ; -                   ; open           ; open             ; open   ; 0 in             ; 0 H/in                 ; 0 F/in                 ; short        ; open          ; open            ; open  ; 0 V                 ; -                  ; n/a           ; n/a             ; n/a         ;
; pulses[18]    ; 2.5 V        ; 0 in              ; 0 H/in                  ; 0 F/in                  ; short         ; -                   ; open           ; open             ; open   ; 0 in             ; 0 H/in                 ; 0 F/in                 ; short        ; open          ; open            ; open  ; 0 V                 ; -                  ; n/a           ; n/a             ; n/a         ;
; pulses[19]    ; 2.5 V        ; 0 in              ; 0 H/in                  ; 0 F/in                  ; short         ; -                   ; open           ; open             ; open   ; 0 in             ; 0 H/in                 ; 0 F/in                 ; short        ; open          ; open            ; open  ; 0 V                 ; -                  ; n/a           ; n/a             ; n/a         ;
; pulses[20]    ; 2.5 V        ; 0 in              ; 0 H/in                  ; 0 F/in                  ; short         ; -                   ; open           ; open             ; open   ; 0 in             ; 0 H/in                 ; 0 F/in                 ; short        ; open          ; open            ; open  ; 0 V                 ; -                  ; n/a           ; n/a             ; n/a         ;
; pulses[21]    ; 2.5 V        ; 0 in              ; 0 H/in                  ; 0 F/in                  ; short         ; -                   ; open           ; open             ; open   ; 0 in             ; 0 H/in                 ; 0 F/in                 ; short        ; open          ; open            ; open  ; 0 V                 ; -                  ; n/a           ; n/a             ; n/a         ;
; state[0]      ; 2.5 V        ; 0 in              ; 0 H/in                  ; 0 F/in                  ; short         ; -                   ; open           ; open             ; open   ; 0 in             ; 0 H/in                 ; 0 F/in                 ; short        ; open          ; open            ; open  ; 0 V                 ; -                  ; n/a           ; n/a             ; n/a         ;
; state[1]      ; 2.5 V        ; 0 in              ; 0 H/in                  ; 0 F/in                  ; short         ; -                   ; open           ; open             ; open   ; 0 in             ; 0 H/in                 ; 0 F/in                 ; short        ; open          ; open            ; open  ; 0 V                 ; -                  ; n/a           ; n/a             ; n/a         ;
; ~ALTERA_DCLK~ ; 2.5 V        ; 0 in              ; 0 H/in                  ; 0 F/in                  ; short         ; -                   ; open           ; open             ; open   ; 0 in             ; 0 H/in                 ; 0 F/in                 ; short        ; open          ; open            ; open  ; 0 V                 ; -                  ; n/a           ; n/a             ; n/a         ;
; ~ALTERA_nCEO~ ; 2.5 V        ; 0 in              ; 0 H/in                  ; 0 F/in                  ; short         ; -                   ; open           ; open             ; open   ; 0 in             ; 0 H/in                 ; 0 F/in                 ; short        ; open          ; open            ; open  ; 0 V                 ; -                  ; n/a           ; n/a             ; n/a         ;
+---------------+--------------+-------------------+-------------------------+-------------------------+---------------+---------------------+----------------+------------------+--------+------------------+------------------------+------------------------+--------------+---------------+-----------------+-------+---------------------+--------------------+---------------+-----------------+-------------+


+----------------------------------------------------------------------------+
; Input Transition Times                                                     ;
+-------------------------+--------------+-----------------+-----------------+
; Pin                     ; I/O Standard ; 10-90 Rise Time ; 90-10 Fall Time ;
+-------------------------+--------------+-----------------+-----------------+
; clk_50M                 ; 2.5 V        ; 2000 ps         ; 2000 ps         ;
; reset                   ; 2.5 V        ; 2000 ps         ; 2000 ps         ;
; echo_rx                 ; 2.5 V        ; 2000 ps         ; 2000 ps         ;
; ~ALTERA_ASDO_DATA1~     ; 2.5 V        ; 2000 ps         ; 2000 ps         ;
; ~ALTERA_FLASH_nCE_nCSO~ ; 2.5 V        ; 2000 ps         ; 2000 ps         ;
; ~ALTERA_DATA0~          ; 2.5 V        ; 2000 ps         ; 2000 ps         ;
+-------------------------+--------------+-----------------+-----------------+


+--------------------------------------------------------------------------------------------------------------------------------------------------------------------------------------------------------------------------------------------------------------------------------------------------------------------------------------------------------------------------------------------------------------------------------------------------------------------------------------------------------------------------------------------------------------------------------------------------------------------------------------------------------------------------------------------+
; Signal Integrity Metrics (Slow 1200mv 0c Model)                                                                                                                                                                                                                                                                                                                                                                                                                                                                                                                                                                                                                                            ;
+---------------+--------------+---------------------+---------------------+------------------------------+------------------------------+---------------------+---------------------+--------------------------------------+--------------------------------------+-----------------------------+-----------------------------+----------------------------+----------------------------+-----------------------------+-----------------------------+--------------------+--------------------+-------------------------------------+-------------------------------------+----------------------------+----------------------------+---------------------------+---------------------------+
; Pin           ; I/O Standard ; Board Delay on Rise ; Board Delay on Fall ; Steady State Voh at FPGA Pin ; Steady State Vol at FPGA Pin ; Voh Max at FPGA Pin ; Vol Min at FPGA Pin ; Ringback Voltage on Rise at FPGA Pin ; Ringback Voltage on Fall at FPGA Pin ; 10-90 Rise Time at FPGA Pin ; 90-10 Fall Time at FPGA Pin ; Monotonic Rise at FPGA Pin ; Monotonic Fall at FPGA Pin ; Steady State Voh at Far-end ; Steady State Vol at Far-end ; Voh Max at Far-end ; Vol Min at Far-end ; Ringback Voltage on Rise at Far-end ; Ringback Voltage on Fall at Far-end ; 10-90 Rise Time at Far-end ; 90-10 Fall Time at Far-end ; Monotonic Rise at Far-end ; Monotonic Fall at Far-end ;
+---------------+--------------+---------------------+---------------------+------------------------------+------------------------------+---------------------+---------------------+--------------------------------------+--------------------------------------+-----------------------------+-----------------------------+----------------------------+----------------------------+-----------------------------+-----------------------------+--------------------+--------------------+-------------------------------------+-------------------------------------+----------------------------+----------------------------+---------------------------+---------------------------+
; trigger       ; 2.5 V        ; 0 s                 ; 0 s                 ; 2.32 V                       ; 5.95e-09 V                   ; 2.38 V              ; -0.016 V            ; 0.22 V                               ; 0.025 V                              ; 3.06e-10 s                  ; 3.3e-10 s                   ; Yes                        ; Yes                        ; 2.32 V                      ; 5.95e-09 V                  ; 2.38 V             ; -0.016 V           ; 0.22 V                              ; 0.025 V                             ; 3.06e-10 s                 ; 3.3e-10 s                  ; Yes                       ; Yes                       ;
; out           ; 2.5 V        ; 0 s                 ; 0 s                 ; 2.32 V                       ; 4.44e-09 V                   ; 2.33 V              ; -0.00624 V          ; 0.185 V                              ; 0.097 V                              ; 2.82e-09 s                  ; 2.56e-09 s                  ; No                         ; Yes                        ; 2.32 V                      ; 4.44e-09 V                  ; 2.33 V             ; -0.00624 V         ; 0.185 V                             ; 0.097 V                             ; 2.82e-09 s                 ; 2.56e-09 s                 ; No                        ; Yes                       ;
; pulses[0]     ; 2.5 V        ; 0 s                 ; 0 s                 ; 2.32 V                       ; 5.95e-09 V                   ; 2.38 V              ; -0.016 V            ; 0.22 V                               ; 0.025 V                              ; 3.06e-10 s                  ; 3.3e-10 s                   ; Yes                        ; Yes                        ; 2.32 V                      ; 5.95e-09 V                  ; 2.38 V             ; -0.016 V           ; 0.22 V                              ; 0.025 V                             ; 3.06e-10 s                 ; 3.3e-10 s                  ; Yes                       ; Yes                       ;
; pulses[1]     ; 2.5 V        ; 0 s                 ; 0 s                 ; 2.32 V                       ; 5.95e-09 V                   ; 2.38 V              ; -0.016 V            ; 0.22 V                               ; 0.025 V                              ; 3.06e-10 s                  ; 3.3e-10 s                   ; Yes                        ; Yes                        ; 2.32 V                      ; 5.95e-09 V                  ; 2.38 V             ; -0.016 V           ; 0.22 V                              ; 0.025 V                             ; 3.06e-10 s                 ; 3.3e-10 s                  ; Yes                       ; Yes                       ;
; pulses[2]     ; 2.5 V        ; 0 s                 ; 0 s                 ; 2.32 V                       ; 5.95e-09 V                   ; 2.38 V              ; -0.016 V            ; 0.22 V                               ; 0.025 V                              ; 3.06e-10 s                  ; 3.3e-10 s                   ; Yes                        ; Yes                        ; 2.32 V                      ; 5.95e-09 V                  ; 2.38 V             ; -0.016 V           ; 0.22 V                              ; 0.025 V                             ; 3.06e-10 s                 ; 3.3e-10 s                  ; Yes                       ; Yes                       ;
; pulses[3]     ; 2.5 V        ; 0 s                 ; 0 s                 ; 2.32 V                       ; 4.44e-09 V                   ; 2.38 V              ; -0.0145 V           ; 0.169 V                              ; 0.026 V                              ; 4.83e-10 s                  ; 4.71e-10 s                  ; Yes                        ; Yes                        ; 2.32 V                      ; 4.44e-09 V                  ; 2.38 V             ; -0.0145 V          ; 0.169 V                             ; 0.026 V                             ; 4.83e-10 s                 ; 4.71e-10 s                 ; Yes                       ; Yes                       ;
; pulses[4]     ; 2.5 V        ; 0 s                 ; 0 s                 ; 2.32 V                       ; 5.95e-09 V                   ; 2.38 V              ; -0.016 V            ; 0.22 V                               ; 0.025 V                              ; 3.06e-10 s                  ; 3.3e-10 s                   ; Yes                        ; Yes                        ; 2.32 V                      ; 5.95e-09 V                  ; 2.38 V             ; -0.016 V           ; 0.22 V                              ; 0.025 V                             ; 3.06e-10 s                 ; 3.3e-10 s                  ; Yes                       ; Yes                       ;
; pulses[5]     ; 2.5 V        ; 0 s                 ; 0 s                 ; 2.32 V                       ; 4.44e-09 V                   ; 2.38 V              ; -0.0145 V           ; 0.169 V                              ; 0.026 V                              ; 4.83e-10 s                  ; 4.71e-10 s                  ; Yes                        ; Yes                        ; 2.32 V                      ; 4.44e-09 V                  ; 2.38 V             ; -0.0145 V          ; 0.169 V                             ; 0.026 V                             ; 4.83e-10 s                 ; 4.71e-10 s                 ; Yes                       ; Yes                       ;
; pulses[6]     ; 2.5 V        ; 0 s                 ; 0 s                 ; 2.32 V                       ; 5.95e-09 V                   ; 2.38 V              ; -0.016 V            ; 0.22 V                               ; 0.025 V                              ; 3.06e-10 s                  ; 3.3e-10 s                   ; Yes                        ; Yes                        ; 2.32 V                      ; 5.95e-09 V                  ; 2.38 V             ; -0.016 V           ; 0.22 V                              ; 0.025 V                             ; 3.06e-10 s                 ; 3.3e-10 s                  ; Yes                       ; Yes                       ;
; pulses[7]     ; 2.5 V        ; 0 s                 ; 0 s                 ; 2.32 V                       ; 4.44e-09 V                   ; 2.38 V              ; -0.0145 V           ; 0.169 V                              ; 0.026 V                              ; 4.83e-10 s                  ; 4.71e-10 s                  ; Yes                        ; Yes                        ; 2.32 V                      ; 4.44e-09 V                  ; 2.38 V             ; -0.0145 V          ; 0.169 V                             ; 0.026 V                             ; 4.83e-10 s                 ; 4.71e-10 s                 ; Yes                       ; Yes                       ;
; pulses[8]     ; 2.5 V        ; 0 s                 ; 0 s                 ; 2.32 V                       ; 5.95e-09 V                   ; 2.38 V              ; -0.016 V            ; 0.22 V                               ; 0.025 V                              ; 3.06e-10 s                  ; 3.3e-10 s                   ; Yes                        ; Yes                        ; 2.32 V                      ; 5.95e-09 V                  ; 2.38 V             ; -0.016 V           ; 0.22 V                              ; 0.025 V                             ; 3.06e-10 s                 ; 3.3e-10 s                  ; Yes                       ; Yes                       ;
; pulses[9]     ; 2.5 V        ; 0 s                 ; 0 s                 ; 2.32 V                       ; 5.95e-09 V                   ; 2.38 V              ; -0.016 V            ; 0.22 V                               ; 0.025 V                              ; 3.06e-10 s                  ; 3.3e-10 s                   ; Yes                        ; Yes                        ; 2.32 V                      ; 5.95e-09 V                  ; 2.38 V             ; -0.016 V           ; 0.22 V                              ; 0.025 V                             ; 3.06e-10 s                 ; 3.3e-10 s                  ; Yes                       ; Yes                       ;
; pulses[10]    ; 2.5 V        ; 0 s                 ; 0 s                 ; 2.32 V                       ; 5.95e-09 V                   ; 2.38 V              ; -0.016 V            ; 0.22 V                               ; 0.025 V                              ; 3.06e-10 s                  ; 3.3e-10 s                   ; Yes                        ; Yes                        ; 2.32 V                      ; 5.95e-09 V                  ; 2.38 V             ; -0.016 V           ; 0.22 V                              ; 0.025 V                             ; 3.06e-10 s                 ; 3.3e-10 s                  ; Yes                       ; Yes                       ;
; pulses[11]    ; 2.5 V        ; 0 s                 ; 0 s                 ; 2.32 V                       ; 4.44e-09 V                   ; 2.33 V              ; -0.00624 V          ; 0.185 V                              ; 0.097 V                              ; 2.82e-09 s                  ; 2.56e-09 s                  ; No                         ; Yes                        ; 2.32 V                      ; 4.44e-09 V                  ; 2.33 V             ; -0.00624 V         ; 0.185 V                             ; 0.097 V                             ; 2.82e-09 s                 ; 2.56e-09 s                 ; No                        ; Yes                       ;
; pulses[12]    ; 2.5 V        ; 0 s                 ; 0 s                 ; 2.32 V                       ; 5.95e-09 V                   ; 2.38 V              ; -0.016 V            ; 0.22 V                               ; 0.025 V                              ; 3.06e-10 s                  ; 3.3e-10 s                   ; Yes                        ; Yes                        ; 2.32 V                      ; 5.95e-09 V                  ; 2.38 V             ; -0.016 V           ; 0.22 V                              ; 0.025 V                             ; 3.06e-10 s                 ; 3.3e-10 s                  ; Yes                       ; Yes                       ;
; pulses[13]    ; 2.5 V        ; 0 s                 ; 0 s                 ; 2.32 V                       ; 5.95e-09 V                   ; 2.38 V              ; -0.016 V            ; 0.22 V                               ; 0.025 V                              ; 3.06e-10 s                  ; 3.3e-10 s                   ; Yes                        ; Yes                        ; 2.32 V                      ; 5.95e-09 V                  ; 2.38 V             ; -0.016 V           ; 0.22 V                              ; 0.025 V                             ; 3.06e-10 s                 ; 3.3e-10 s                  ; Yes                       ; Yes                       ;
; pulses[14]    ; 2.5 V        ; 0 s                 ; 0 s                 ; 2.32 V                       ; 5.95e-09 V                   ; 2.38 V              ; -0.016 V            ; 0.22 V                               ; 0.025 V                              ; 3.06e-10 s                  ; 3.3e-10 s                   ; Yes                        ; Yes                        ; 2.32 V                      ; 5.95e-09 V                  ; 2.38 V             ; -0.016 V           ; 0.22 V                              ; 0.025 V                             ; 3.06e-10 s                 ; 3.3e-10 s                  ; Yes                       ; Yes                       ;
; pulses[15]    ; 2.5 V        ; 0 s                 ; 0 s                 ; 2.32 V                       ; 5.95e-09 V                   ; 2.38 V              ; -0.016 V            ; 0.22 V                               ; 0.025 V                              ; 3.06e-10 s                  ; 3.3e-10 s                   ; Yes                        ; Yes                        ; 2.32 V                      ; 5.95e-09 V                  ; 2.38 V             ; -0.016 V           ; 0.22 V                              ; 0.025 V                             ; 3.06e-10 s                 ; 3.3e-10 s                  ; Yes                       ; Yes                       ;
; pulses[16]    ; 2.5 V        ; 0 s                 ; 0 s                 ; 2.32 V                       ; 5.95e-09 V                   ; 2.38 V              ; -0.016 V            ; 0.22 V                               ; 0.025 V                              ; 3.06e-10 s                  ; 3.3e-10 s                   ; Yes                        ; Yes                        ; 2.32 V                      ; 5.95e-09 V                  ; 2.38 V             ; -0.016 V           ; 0.22 V                              ; 0.025 V                             ; 3.06e-10 s                 ; 3.3e-10 s                  ; Yes                       ; Yes                       ;
; pulses[17]    ; 2.5 V        ; 0 s                 ; 0 s                 ; 2.32 V                       ; 5.95e-09 V                   ; 2.38 V              ; -0.016 V            ; 0.22 V                               ; 0.025 V                              ; 3.06e-10 s                  ; 3.3e-10 s                   ; Yes                        ; Yes                        ; 2.32 V                      ; 5.95e-09 V                  ; 2.38 V             ; -0.016 V           ; 0.22 V                              ; 0.025 V                             ; 3.06e-10 s                 ; 3.3e-10 s                  ; Yes                       ; Yes                       ;
; pulses[18]    ; 2.5 V        ; 0 s                 ; 0 s                 ; 2.32 V                       ; 5.95e-09 V                   ; 2.38 V              ; -0.016 V            ; 0.22 V                               ; 0.025 V                              ; 3.06e-10 s                  ; 3.3e-10 s                   ; Yes                        ; Yes                        ; 2.32 V                      ; 5.95e-09 V                  ; 2.38 V             ; -0.016 V           ; 0.22 V                              ; 0.025 V                             ; 3.06e-10 s                 ; 3.3e-10 s                  ; Yes                       ; Yes                       ;
; pulses[19]    ; 2.5 V        ; 0 s                 ; 0 s                 ; 2.32 V                       ; 5.95e-09 V                   ; 2.38 V              ; -0.016 V            ; 0.22 V                               ; 0.025 V                              ; 3.06e-10 s                  ; 3.3e-10 s                   ; Yes                        ; Yes                        ; 2.32 V                      ; 5.95e-09 V                  ; 2.38 V             ; -0.016 V           ; 0.22 V                              ; 0.025 V                             ; 3.06e-10 s                 ; 3.3e-10 s                  ; Yes                       ; Yes                       ;
; pulses[20]    ; 2.5 V        ; 0 s                 ; 0 s                 ; 2.32 V                       ; 5.95e-09 V                   ; 2.38 V              ; -0.016 V            ; 0.22 V                               ; 0.025 V                              ; 3.06e-10 s                  ; 3.3e-10 s                   ; Yes                        ; Yes                        ; 2.32 V                      ; 5.95e-09 V                  ; 2.38 V             ; -0.016 V           ; 0.22 V                              ; 0.025 V                             ; 3.06e-10 s                 ; 3.3e-10 s                  ; Yes                       ; Yes                       ;
; pulses[21]    ; 2.5 V        ; 0 s                 ; 0 s                 ; 2.32 V                       ; 4.44e-09 V                   ; 2.39 V              ; -0.0265 V           ; 0.2 V                                ; 0.033 V                              ; 2.94e-10 s                  ; 3.12e-10 s                  ; Yes                        ; Yes                        ; 2.32 V                      ; 4.44e-09 V                  ; 2.39 V             ; -0.0265 V          ; 0.2 V                               ; 0.033 V                             ; 2.94e-10 s                 ; 3.12e-10 s                 ; Yes                       ; Yes                       ;
; state[0]      ; 2.5 V        ; 0 s                 ; 0 s                 ; 2.32 V                       ; 5.95e-09 V                   ; 2.38 V              ; -0.016 V            ; 0.22 V                               ; 0.025 V                              ; 3.06e-10 s                  ; 3.3e-10 s                   ; Yes                        ; Yes                        ; 2.32 V                      ; 5.95e-09 V                  ; 2.38 V             ; -0.016 V           ; 0.22 V                              ; 0.025 V                             ; 3.06e-10 s                 ; 3.3e-10 s                  ; Yes                       ; Yes                       ;
; state[1]      ; 2.5 V        ; 0 s                 ; 0 s                 ; 2.32 V                       ; 5.95e-09 V                   ; 2.38 V              ; -0.016 V            ; 0.22 V                               ; 0.025 V                              ; 3.06e-10 s                  ; 3.3e-10 s                   ; Yes                        ; Yes                        ; 2.32 V                      ; 5.95e-09 V                  ; 2.38 V             ; -0.016 V           ; 0.22 V                              ; 0.025 V                             ; 3.06e-10 s                 ; 3.3e-10 s                  ; Yes                       ; Yes                       ;
; ~ALTERA_DCLK~ ; 2.5 V        ; 0 s                 ; 0 s                 ; 2.32 V                       ; 3.45e-09 V                   ; 2.38 V              ; -0.0609 V           ; 0.148 V                              ; 0.095 V                              ; 2.82e-10 s                  ; 2.59e-10 s                  ; Yes                        ; Yes                        ; 2.32 V                      ; 3.45e-09 V                  ; 2.38 V             ; -0.0609 V          ; 0.148 V                             ; 0.095 V                             ; 2.82e-10 s                 ; 2.59e-10 s                 ; Yes                       ; Yes                       ;
; ~ALTERA_nCEO~ ; 2.5 V        ; 0 s                 ; 0 s                 ; 2.32 V                       ; 5.61e-09 V                   ; 2.38 V              ; -0.00274 V          ; 0.141 V                              ; 0.006 V                              ; 4.7e-10 s                   ; 6.02e-10 s                  ; Yes                        ; Yes                        ; 2.32 V                      ; 5.61e-09 V                  ; 2.38 V             ; -0.00274 V         ; 0.141 V                             ; 0.006 V                             ; 4.7e-10 s                  ; 6.02e-10 s                 ; Yes                       ; Yes                       ;
+---------------+--------------+---------------------+---------------------+------------------------------+------------------------------+---------------------+---------------------+--------------------------------------+--------------------------------------+-----------------------------+-----------------------------+----------------------------+----------------------------+-----------------------------+-----------------------------+--------------------+--------------------+-------------------------------------+-------------------------------------+----------------------------+----------------------------+---------------------------+---------------------------+


+--------------------------------------------------------------------------------------------------------------------------------------------------------------------------------------------------------------------------------------------------------------------------------------------------------------------------------------------------------------------------------------------------------------------------------------------------------------------------------------------------------------------------------------------------------------------------------------------------------------------------------------------------------------------------------------------+
; Signal Integrity Metrics (Slow 1200mv 85c Model)                                                                                                                                                                                                                                                                                                                                                                                                                                                                                                                                                                                                                                           ;
+---------------+--------------+---------------------+---------------------+------------------------------+------------------------------+---------------------+---------------------+--------------------------------------+--------------------------------------+-----------------------------+-----------------------------+----------------------------+----------------------------+-----------------------------+-----------------------------+--------------------+--------------------+-------------------------------------+-------------------------------------+----------------------------+----------------------------+---------------------------+---------------------------+
; Pin           ; I/O Standard ; Board Delay on Rise ; Board Delay on Fall ; Steady State Voh at FPGA Pin ; Steady State Vol at FPGA Pin ; Voh Max at FPGA Pin ; Vol Min at FPGA Pin ; Ringback Voltage on Rise at FPGA Pin ; Ringback Voltage on Fall at FPGA Pin ; 10-90 Rise Time at FPGA Pin ; 90-10 Fall Time at FPGA Pin ; Monotonic Rise at FPGA Pin ; Monotonic Fall at FPGA Pin ; Steady State Voh at Far-end ; Steady State Vol at Far-end ; Voh Max at Far-end ; Vol Min at Far-end ; Ringback Voltage on Rise at Far-end ; Ringback Voltage on Fall at Far-end ; 10-90 Rise Time at Far-end ; 90-10 Fall Time at Far-end ; Monotonic Rise at Far-end ; Monotonic Fall at Far-end ;
+---------------+--------------+---------------------+---------------------+------------------------------+------------------------------+---------------------+---------------------+--------------------------------------+--------------------------------------+-----------------------------+-----------------------------+----------------------------+----------------------------+-----------------------------+-----------------------------+--------------------+--------------------+-------------------------------------+-------------------------------------+----------------------------+----------------------------+---------------------------+---------------------------+
; trigger       ; 2.5 V        ; 0 s                 ; 0 s                 ; 2.32 V                       ; 1.06e-06 V                   ; 2.36 V              ; -0.00724 V          ; 0.107 V                              ; 0.02 V                               ; 4.5e-10 s                   ; 4.25e-10 s                  ; Yes                        ; Yes                        ; 2.32 V                      ; 1.06e-06 V                  ; 2.36 V             ; -0.00724 V         ; 0.107 V                             ; 0.02 V                              ; 4.5e-10 s                  ; 4.25e-10 s                 ; Yes                       ; Yes                       ;
; out           ; 2.5 V        ; 0 s                 ; 0 s                 ; 2.32 V                       ; 7.16e-07 V                   ; 2.33 V              ; -0.00349 V          ; 0.163 V                              ; 0.074 V                              ; 3.33e-09 s                  ; 3.14e-09 s                  ; Yes                        ; Yes                        ; 2.32 V                      ; 7.16e-07 V                  ; 2.33 V             ; -0.00349 V         ; 0.163 V                             ; 0.074 V                             ; 3.33e-09 s                 ; 3.14e-09 s                 ; Yes                       ; Yes                       ;
; pulses[0]     ; 2.5 V        ; 0 s                 ; 0 s                 ; 2.32 V                       ; 1.06e-06 V                   ; 2.36 V              ; -0.00724 V          ; 0.107 V                              ; 0.02 V                               ; 4.5e-10 s                   ; 4.25e-10 s                  ; Yes                        ; Yes                        ; 2.32 V                      ; 1.06e-06 V                  ; 2.36 V             ; -0.00724 V         ; 0.107 V                             ; 0.02 V                              ; 4.5e-10 s                  ; 4.25e-10 s                 ; Yes                       ; Yes                       ;
; pulses[1]     ; 2.5 V        ; 0 s                 ; 0 s                 ; 2.32 V                       ; 1.06e-06 V                   ; 2.36 V              ; -0.00724 V          ; 0.107 V                              ; 0.02 V                               ; 4.5e-10 s                   ; 4.25e-10 s                  ; Yes                        ; Yes                        ; 2.32 V                      ; 1.06e-06 V                  ; 2.36 V             ; -0.00724 V         ; 0.107 V                             ; 0.02 V                              ; 4.5e-10 s                  ; 4.25e-10 s                 ; Yes                       ; Yes                       ;
; pulses[2]     ; 2.5 V        ; 0 s                 ; 0 s                 ; 2.32 V                       ; 1.06e-06 V                   ; 2.36 V              ; -0.00724 V          ; 0.107 V                              ; 0.02 V                               ; 4.5e-10 s                   ; 4.25e-10 s                  ; Yes                        ; Yes                        ; 2.32 V                      ; 1.06e-06 V                  ; 2.36 V             ; -0.00724 V         ; 0.107 V                             ; 0.02 V                              ; 4.5e-10 s                  ; 4.25e-10 s                 ; Yes                       ; Yes                       ;
; pulses[3]     ; 2.5 V        ; 0 s                 ; 0 s                 ; 2.32 V                       ; 7.16e-07 V                   ; 2.35 V              ; -0.00832 V          ; 0.101 V                              ; 0.024 V                              ; 6.39e-10 s                  ; 6e-10 s                     ; Yes                        ; Yes                        ; 2.32 V                      ; 7.16e-07 V                  ; 2.35 V             ; -0.00832 V         ; 0.101 V                             ; 0.024 V                             ; 6.39e-10 s                 ; 6e-10 s                    ; Yes                       ; Yes                       ;
; pulses[4]     ; 2.5 V        ; 0 s                 ; 0 s                 ; 2.32 V                       ; 1.06e-06 V                   ; 2.36 V              ; -0.00724 V          ; 0.107 V                              ; 0.02 V                               ; 4.5e-10 s                   ; 4.25e-10 s                  ; Yes                        ; Yes                        ; 2.32 V                      ; 1.06e-06 V                  ; 2.36 V             ; -0.00724 V         ; 0.107 V                             ; 0.02 V                              ; 4.5e-10 s                  ; 4.25e-10 s                 ; Yes                       ; Yes                       ;
; pulses[5]     ; 2.5 V        ; 0 s                 ; 0 s                 ; 2.32 V                       ; 7.16e-07 V                   ; 2.35 V              ; -0.00832 V          ; 0.101 V                              ; 0.024 V                              ; 6.39e-10 s                  ; 6e-10 s                     ; Yes                        ; Yes                        ; 2.32 V                      ; 7.16e-07 V                  ; 2.35 V             ; -0.00832 V         ; 0.101 V                             ; 0.024 V                             ; 6.39e-10 s                 ; 6e-10 s                    ; Yes                       ; Yes                       ;
; pulses[6]     ; 2.5 V        ; 0 s                 ; 0 s                 ; 2.32 V                       ; 1.06e-06 V                   ; 2.36 V              ; -0.00724 V          ; 0.107 V                              ; 0.02 V                               ; 4.5e-10 s                   ; 4.25e-10 s                  ; Yes                        ; Yes                        ; 2.32 V                      ; 1.06e-06 V                  ; 2.36 V             ; -0.00724 V         ; 0.107 V                             ; 0.02 V                              ; 4.5e-10 s                  ; 4.25e-10 s                 ; Yes                       ; Yes                       ;
; pulses[7]     ; 2.5 V        ; 0 s                 ; 0 s                 ; 2.32 V                       ; 7.16e-07 V                   ; 2.35 V              ; -0.00832 V          ; 0.101 V                              ; 0.024 V                              ; 6.39e-10 s                  ; 6e-10 s                     ; Yes                        ; Yes                        ; 2.32 V                      ; 7.16e-07 V                  ; 2.35 V             ; -0.00832 V         ; 0.101 V                             ; 0.024 V                             ; 6.39e-10 s                 ; 6e-10 s                    ; Yes                       ; Yes                       ;
; pulses[8]     ; 2.5 V        ; 0 s                 ; 0 s                 ; 2.32 V                       ; 1.06e-06 V                   ; 2.36 V              ; -0.00724 V          ; 0.107 V                              ; 0.02 V                               ; 4.5e-10 s                   ; 4.25e-10 s                  ; Yes                        ; Yes                        ; 2.32 V                      ; 1.06e-06 V                  ; 2.36 V             ; -0.00724 V         ; 0.107 V                             ; 0.02 V                              ; 4.5e-10 s                  ; 4.25e-10 s                 ; Yes                       ; Yes                       ;
; pulses[9]     ; 2.5 V        ; 0 s                 ; 0 s                 ; 2.32 V                       ; 1.06e-06 V                   ; 2.36 V              ; -0.00724 V          ; 0.107 V                              ; 0.02 V                               ; 4.5e-10 s                   ; 4.25e-10 s                  ; Yes                        ; Yes                        ; 2.32 V                      ; 1.06e-06 V                  ; 2.36 V             ; -0.00724 V         ; 0.107 V                             ; 0.02 V                              ; 4.5e-10 s                  ; 4.25e-10 s                 ; Yes                       ; Yes                       ;
; pulses[10]    ; 2.5 V        ; 0 s                 ; 0 s                 ; 2.32 V                       ; 1.06e-06 V                   ; 2.36 V              ; -0.00724 V          ; 0.107 V                              ; 0.02 V                               ; 4.5e-10 s                   ; 4.25e-10 s                  ; Yes                        ; Yes                        ; 2.32 V                      ; 1.06e-06 V                  ; 2.36 V             ; -0.00724 V         ; 0.107 V                             ; 0.02 V                              ; 4.5e-10 s                  ; 4.25e-10 s                 ; Yes                       ; Yes                       ;
; pulses[11]    ; 2.5 V        ; 0 s                 ; 0 s                 ; 2.32 V                       ; 7.16e-07 V                   ; 2.33 V              ; -0.00349 V          ; 0.163 V                              ; 0.074 V                              ; 3.33e-09 s                  ; 3.14e-09 s                  ; Yes                        ; Yes                        ; 2.32 V                      ; 7.16e-07 V                  ; 2.33 V             ; -0.00349 V         ; 0.163 V                             ; 0.074 V                             ; 3.33e-09 s                 ; 3.14e-09 s                 ; Yes                       ; Yes                       ;
; pulses[12]    ; 2.5 V        ; 0 s                 ; 0 s                 ; 2.32 V                       ; 1.06e-06 V                   ; 2.36 V              ; -0.00724 V          ; 0.107 V                              ; 0.02 V                               ; 4.5e-10 s                   ; 4.25e-10 s                  ; Yes                        ; Yes                        ; 2.32 V                      ; 1.06e-06 V                  ; 2.36 V             ; -0.00724 V         ; 0.107 V                             ; 0.02 V                              ; 4.5e-10 s                  ; 4.25e-10 s                 ; Yes                       ; Yes                       ;
; pulses[13]    ; 2.5 V        ; 0 s                 ; 0 s                 ; 2.32 V                       ; 1.06e-06 V                   ; 2.36 V              ; -0.00724 V          ; 0.107 V                              ; 0.02 V                               ; 4.5e-10 s                   ; 4.25e-10 s                  ; Yes                        ; Yes                        ; 2.32 V                      ; 1.06e-06 V                  ; 2.36 V             ; -0.00724 V         ; 0.107 V                             ; 0.02 V                              ; 4.5e-10 s                  ; 4.25e-10 s                 ; Yes                       ; Yes                       ;
; pulses[14]    ; 2.5 V        ; 0 s                 ; 0 s                 ; 2.32 V                       ; 1.06e-06 V                   ; 2.36 V              ; -0.00724 V          ; 0.107 V                              ; 0.02 V                               ; 4.5e-10 s                   ; 4.25e-10 s                  ; Yes                        ; Yes                        ; 2.32 V                      ; 1.06e-06 V                  ; 2.36 V             ; -0.00724 V         ; 0.107 V                             ; 0.02 V                              ; 4.5e-10 s                  ; 4.25e-10 s                 ; Yes                       ; Yes                       ;
; pulses[15]    ; 2.5 V        ; 0 s                 ; 0 s                 ; 2.32 V                       ; 1.06e-06 V                   ; 2.36 V              ; -0.00724 V          ; 0.107 V                              ; 0.02 V                               ; 4.5e-10 s                   ; 4.25e-10 s                  ; Yes                        ; Yes                        ; 2.32 V                      ; 1.06e-06 V                  ; 2.36 V             ; -0.00724 V         ; 0.107 V                             ; 0.02 V                              ; 4.5e-10 s                  ; 4.25e-10 s                 ; Yes                       ; Yes                       ;
; pulses[16]    ; 2.5 V        ; 0 s                 ; 0 s                 ; 2.32 V                       ; 1.06e-06 V                   ; 2.36 V              ; -0.00724 V          ; 0.107 V                              ; 0.02 V                               ; 4.5e-10 s                   ; 4.25e-10 s                  ; Yes                        ; Yes                        ; 2.32 V                      ; 1.06e-06 V                  ; 2.36 V             ; -0.00724 V         ; 0.107 V                             ; 0.02 V                              ; 4.5e-10 s                  ; 4.25e-10 s                 ; Yes                       ; Yes                       ;
; pulses[17]    ; 2.5 V        ; 0 s                 ; 0 s                 ; 2.32 V                       ; 1.06e-06 V                   ; 2.36 V              ; -0.00724 V          ; 0.107 V                              ; 0.02 V                               ; 4.5e-10 s                   ; 4.25e-10 s                  ; Yes                        ; Yes                        ; 2.32 V                      ; 1.06e-06 V                  ; 2.36 V             ; -0.00724 V         ; 0.107 V                             ; 0.02 V                              ; 4.5e-10 s                  ; 4.25e-10 s                 ; Yes                       ; Yes                       ;
; pulses[18]    ; 2.5 V        ; 0 s                 ; 0 s                 ; 2.32 V                       ; 1.06e-06 V                   ; 2.36 V              ; -0.00724 V          ; 0.107 V                              ; 0.02 V                               ; 4.5e-10 s                   ; 4.25e-10 s                  ; Yes                        ; Yes                        ; 2.32 V                      ; 1.06e-06 V                  ; 2.36 V             ; -0.00724 V         ; 0.107 V                             ; 0.02 V                              ; 4.5e-10 s                  ; 4.25e-10 s                 ; Yes                       ; Yes                       ;
; pulses[19]    ; 2.5 V        ; 0 s                 ; 0 s                 ; 2.32 V                       ; 1.06e-06 V                   ; 2.36 V              ; -0.00724 V          ; 0.107 V                              ; 0.02 V                               ; 4.5e-10 s                   ; 4.25e-10 s                  ; Yes                        ; Yes                        ; 2.32 V                      ; 1.06e-06 V                  ; 2.36 V             ; -0.00724 V         ; 0.107 V                             ; 0.02 V                              ; 4.5e-10 s                  ; 4.25e-10 s                 ; Yes                       ; Yes                       ;
; pulses[20]    ; 2.5 V        ; 0 s                 ; 0 s                 ; 2.32 V                       ; 1.06e-06 V                   ; 2.36 V              ; -0.00724 V          ; 0.107 V                              ; 0.02 V                               ; 4.5e-10 s                   ; 4.25e-10 s                  ; Yes                        ; Yes                        ; 2.32 V                      ; 1.06e-06 V                  ; 2.36 V             ; -0.00724 V         ; 0.107 V                             ; 0.02 V                              ; 4.5e-10 s                  ; 4.25e-10 s                 ; Yes                       ; Yes                       ;
; pulses[21]    ; 2.5 V        ; 0 s                 ; 0 s                 ; 2.32 V                       ; 7.16e-07 V                   ; 2.36 V              ; -0.00476 V          ; 0.096 V                              ; 0.013 V                              ; 4.39e-10 s                  ; 4.15e-10 s                  ; Yes                        ; Yes                        ; 2.32 V                      ; 7.16e-07 V                  ; 2.36 V             ; -0.00476 V         ; 0.096 V                             ; 0.013 V                             ; 4.39e-10 s                 ; 4.15e-10 s                 ; Yes                       ; Yes                       ;
; state[0]      ; 2.5 V        ; 0 s                 ; 0 s                 ; 2.32 V                       ; 1.06e-06 V                   ; 2.36 V              ; -0.00724 V          ; 0.107 V                              ; 0.02 V                               ; 4.5e-10 s                   ; 4.25e-10 s                  ; Yes                        ; Yes                        ; 2.32 V                      ; 1.06e-06 V                  ; 2.36 V             ; -0.00724 V         ; 0.107 V                             ; 0.02 V                              ; 4.5e-10 s                  ; 4.25e-10 s                 ; Yes                       ; Yes                       ;
; state[1]      ; 2.5 V        ; 0 s                 ; 0 s                 ; 2.32 V                       ; 1.06e-06 V                   ; 2.36 V              ; -0.00724 V          ; 0.107 V                              ; 0.02 V                               ; 4.5e-10 s                   ; 4.25e-10 s                  ; Yes                        ; Yes                        ; 2.32 V                      ; 1.06e-06 V                  ; 2.36 V             ; -0.00724 V         ; 0.107 V                             ; 0.02 V                              ; 4.5e-10 s                  ; 4.25e-10 s                 ; Yes                       ; Yes                       ;
; ~ALTERA_DCLK~ ; 2.5 V        ; 0 s                 ; 0 s                 ; 2.32 V                       ; 5.74e-07 V                   ; 2.36 V              ; -0.0201 V           ; 0.072 V                              ; 0.033 V                              ; 4.04e-10 s                  ; 3.29e-10 s                  ; Yes                        ; Yes                        ; 2.32 V                      ; 5.74e-07 V                  ; 2.36 V             ; -0.0201 V          ; 0.072 V                             ; 0.033 V                             ; 4.04e-10 s                 ; 3.29e-10 s                 ; Yes                       ; Yes                       ;
; ~ALTERA_nCEO~ ; 2.5 V        ; 0 s                 ; 0 s                 ; 2.32 V                       ; 9.45e-07 V                   ; 2.35 V              ; -0.00643 V          ; 0.081 V                              ; 0.031 V                              ; 5.31e-10 s                  ; 7.59e-10 s                  ; Yes                        ; Yes                        ; 2.32 V                      ; 9.45e-07 V                  ; 2.35 V             ; -0.00643 V         ; 0.081 V                             ; 0.031 V                             ; 5.31e-10 s                 ; 7.59e-10 s                 ; Yes                       ; Yes                       ;
+---------------+--------------+---------------------+---------------------+------------------------------+------------------------------+---------------------+---------------------+--------------------------------------+--------------------------------------+-----------------------------+-----------------------------+----------------------------+----------------------------+-----------------------------+-----------------------------+--------------------+--------------------+-------------------------------------+-------------------------------------+----------------------------+----------------------------+---------------------------+---------------------------+


+--------------------------------------------------------------------------------------------------------------------------------------------------------------------------------------------------------------------------------------------------------------------------------------------------------------------------------------------------------------------------------------------------------------------------------------------------------------------------------------------------------------------------------------------------------------------------------------------------------------------------------------------------------------------------------------------+
; Signal Integrity Metrics (Fast 1200mv 0c Model)                                                                                                                                                                                                                                                                                                                                                                                                                                                                                                                                                                                                                                            ;
+---------------+--------------+---------------------+---------------------+------------------------------+------------------------------+---------------------+---------------------+--------------------------------------+--------------------------------------+-----------------------------+-----------------------------+----------------------------+----------------------------+-----------------------------+-----------------------------+--------------------+--------------------+-------------------------------------+-------------------------------------+----------------------------+----------------------------+---------------------------+---------------------------+
; Pin           ; I/O Standard ; Board Delay on Rise ; Board Delay on Fall ; Steady State Voh at FPGA Pin ; Steady State Vol at FPGA Pin ; Voh Max at FPGA Pin ; Vol Min at FPGA Pin ; Ringback Voltage on Rise at FPGA Pin ; Ringback Voltage on Fall at FPGA Pin ; 10-90 Rise Time at FPGA Pin ; 90-10 Fall Time at FPGA Pin ; Monotonic Rise at FPGA Pin ; Monotonic Fall at FPGA Pin ; Steady State Voh at Far-end ; Steady State Vol at Far-end ; Voh Max at Far-end ; Vol Min at Far-end ; Ringback Voltage on Rise at Far-end ; Ringback Voltage on Fall at Far-end ; 10-90 Rise Time at Far-end ; 90-10 Fall Time at Far-end ; Monotonic Rise at Far-end ; Monotonic Fall at Far-end ;
+---------------+--------------+---------------------+---------------------+------------------------------+------------------------------+---------------------+---------------------+--------------------------------------+--------------------------------------+-----------------------------+-----------------------------+----------------------------+----------------------------+-----------------------------+-----------------------------+--------------------+--------------------+-------------------------------------+-------------------------------------+----------------------------+----------------------------+---------------------------+---------------------------+
; trigger       ; 2.5 V        ; 0 s                 ; 0 s                 ; 2.62 V                       ; 4.05e-08 V                   ; 2.72 V              ; -0.0349 V           ; 0.173 V                              ; 0.1 V                                ; 2.72e-10 s                  ; 2.69e-10 s                  ; Yes                        ; Yes                        ; 2.62 V                      ; 4.05e-08 V                  ; 2.72 V             ; -0.0349 V          ; 0.173 V                             ; 0.1 V                               ; 2.72e-10 s                 ; 2.69e-10 s                 ; Yes                       ; Yes                       ;
; out           ; 2.5 V        ; 0 s                 ; 0 s                 ; 2.62 V                       ; 2.74e-08 V                   ; 2.64 V              ; -0.0117 V           ; 0.202 V                              ; 0.176 V                              ; 2.38e-09 s                  ; 2.22e-09 s                  ; No                         ; Yes                        ; 2.62 V                      ; 2.74e-08 V                  ; 2.64 V             ; -0.0117 V          ; 0.202 V                             ; 0.176 V                             ; 2.38e-09 s                 ; 2.22e-09 s                 ; No                        ; Yes                       ;
; pulses[0]     ; 2.5 V        ; 0 s                 ; 0 s                 ; 2.62 V                       ; 4.05e-08 V                   ; 2.72 V              ; -0.0349 V           ; 0.173 V                              ; 0.1 V                                ; 2.72e-10 s                  ; 2.69e-10 s                  ; Yes                        ; Yes                        ; 2.62 V                      ; 4.05e-08 V                  ; 2.72 V             ; -0.0349 V          ; 0.173 V                             ; 0.1 V                               ; 2.72e-10 s                 ; 2.69e-10 s                 ; Yes                       ; Yes                       ;
; pulses[1]     ; 2.5 V        ; 0 s                 ; 0 s                 ; 2.62 V                       ; 4.05e-08 V                   ; 2.72 V              ; -0.0349 V           ; 0.173 V                              ; 0.1 V                                ; 2.72e-10 s                  ; 2.69e-10 s                  ; Yes                        ; Yes                        ; 2.62 V                      ; 4.05e-08 V                  ; 2.72 V             ; -0.0349 V          ; 0.173 V                             ; 0.1 V                               ; 2.72e-10 s                 ; 2.69e-10 s                 ; Yes                       ; Yes                       ;
; pulses[2]     ; 2.5 V        ; 0 s                 ; 0 s                 ; 2.62 V                       ; 4.05e-08 V                   ; 2.72 V              ; -0.0349 V           ; 0.173 V                              ; 0.1 V                                ; 2.72e-10 s                  ; 2.69e-10 s                  ; Yes                        ; Yes                        ; 2.62 V                      ; 4.05e-08 V                  ; 2.72 V             ; -0.0349 V          ; 0.173 V                             ; 0.1 V                               ; 2.72e-10 s                 ; 2.69e-10 s                 ; Yes                       ; Yes                       ;
; pulses[3]     ; 2.5 V        ; 0 s                 ; 0 s                 ; 2.62 V                       ; 2.74e-08 V                   ; 2.71 V              ; -0.0317 V           ; 0.148 V                              ; 0.064 V                              ; 4.51e-10 s                  ; 4.15e-10 s                  ; No                         ; Yes                        ; 2.62 V                      ; 2.74e-08 V                  ; 2.71 V             ; -0.0317 V          ; 0.148 V                             ; 0.064 V                             ; 4.51e-10 s                 ; 4.15e-10 s                 ; No                        ; Yes                       ;
; pulses[4]     ; 2.5 V        ; 0 s                 ; 0 s                 ; 2.62 V                       ; 4.05e-08 V                   ; 2.72 V              ; -0.0349 V           ; 0.173 V                              ; 0.1 V                                ; 2.72e-10 s                  ; 2.69e-10 s                  ; Yes                        ; Yes                        ; 2.62 V                      ; 4.05e-08 V                  ; 2.72 V             ; -0.0349 V          ; 0.173 V                             ; 0.1 V                               ; 2.72e-10 s                 ; 2.69e-10 s                 ; Yes                       ; Yes                       ;
; pulses[5]     ; 2.5 V        ; 0 s                 ; 0 s                 ; 2.62 V                       ; 2.74e-08 V                   ; 2.71 V              ; -0.0317 V           ; 0.148 V                              ; 0.064 V                              ; 4.51e-10 s                  ; 4.15e-10 s                  ; No                         ; Yes                        ; 2.62 V                      ; 2.74e-08 V                  ; 2.71 V             ; -0.0317 V          ; 0.148 V                             ; 0.064 V                             ; 4.51e-10 s                 ; 4.15e-10 s                 ; No                        ; Yes                       ;
; pulses[6]     ; 2.5 V        ; 0 s                 ; 0 s                 ; 2.62 V                       ; 4.05e-08 V                   ; 2.72 V              ; -0.0349 V           ; 0.173 V                              ; 0.1 V                                ; 2.72e-10 s                  ; 2.69e-10 s                  ; Yes                        ; Yes                        ; 2.62 V                      ; 4.05e-08 V                  ; 2.72 V             ; -0.0349 V          ; 0.173 V                             ; 0.1 V                               ; 2.72e-10 s                 ; 2.69e-10 s                 ; Yes                       ; Yes                       ;
; pulses[7]     ; 2.5 V        ; 0 s                 ; 0 s                 ; 2.62 V                       ; 2.74e-08 V                   ; 2.71 V              ; -0.0317 V           ; 0.148 V                              ; 0.064 V                              ; 4.51e-10 s                  ; 4.15e-10 s                  ; No                         ; Yes                        ; 2.62 V                      ; 2.74e-08 V                  ; 2.71 V             ; -0.0317 V          ; 0.148 V                             ; 0.064 V                             ; 4.51e-10 s                 ; 4.15e-10 s                 ; No                        ; Yes                       ;
; pulses[8]     ; 2.5 V        ; 0 s                 ; 0 s                 ; 2.62 V                       ; 4.05e-08 V                   ; 2.72 V              ; -0.0349 V           ; 0.173 V                              ; 0.1 V                                ; 2.72e-10 s                  ; 2.69e-10 s                  ; Yes                        ; Yes                        ; 2.62 V                      ; 4.05e-08 V                  ; 2.72 V             ; -0.0349 V          ; 0.173 V                             ; 0.1 V                               ; 2.72e-10 s                 ; 2.69e-10 s                 ; Yes                       ; Yes                       ;
; pulses[9]     ; 2.5 V        ; 0 s                 ; 0 s                 ; 2.62 V                       ; 4.05e-08 V                   ; 2.72 V              ; -0.0349 V           ; 0.173 V                              ; 0.1 V                                ; 2.72e-10 s                  ; 2.69e-10 s                  ; Yes                        ; Yes                        ; 2.62 V                      ; 4.05e-08 V                  ; 2.72 V             ; -0.0349 V          ; 0.173 V                             ; 0.1 V                               ; 2.72e-10 s                 ; 2.69e-10 s                 ; Yes                       ; Yes                       ;
; pulses[10]    ; 2.5 V        ; 0 s                 ; 0 s                 ; 2.62 V                       ; 4.05e-08 V                   ; 2.72 V              ; -0.0349 V           ; 0.173 V                              ; 0.1 V                                ; 2.72e-10 s                  ; 2.69e-10 s                  ; Yes                        ; Yes                        ; 2.62 V                      ; 4.05e-08 V                  ; 2.72 V             ; -0.0349 V          ; 0.173 V                             ; 0.1 V                               ; 2.72e-10 s                 ; 2.69e-10 s                 ; Yes                       ; Yes                       ;
; pulses[11]    ; 2.5 V        ; 0 s                 ; 0 s                 ; 2.62 V                       ; 2.74e-08 V                   ; 2.64 V              ; -0.0117 V           ; 0.202 V                              ; 0.176 V                              ; 2.38e-09 s                  ; 2.22e-09 s                  ; No                         ; Yes                        ; 2.62 V                      ; 2.74e-08 V                  ; 2.64 V             ; -0.0117 V          ; 0.202 V                             ; 0.176 V                             ; 2.38e-09 s                 ; 2.22e-09 s                 ; No                        ; Yes                       ;
; pulses[12]    ; 2.5 V        ; 0 s                 ; 0 s                 ; 2.62 V                       ; 4.05e-08 V                   ; 2.72 V              ; -0.0349 V           ; 0.173 V                              ; 0.1 V                                ; 2.72e-10 s                  ; 2.69e-10 s                  ; Yes                        ; Yes                        ; 2.62 V                      ; 4.05e-08 V                  ; 2.72 V             ; -0.0349 V          ; 0.173 V                             ; 0.1 V                               ; 2.72e-10 s                 ; 2.69e-10 s                 ; Yes                       ; Yes                       ;
; pulses[13]    ; 2.5 V        ; 0 s                 ; 0 s                 ; 2.62 V                       ; 4.05e-08 V                   ; 2.72 V              ; -0.0349 V           ; 0.173 V                              ; 0.1 V                                ; 2.72e-10 s                  ; 2.69e-10 s                  ; Yes                        ; Yes                        ; 2.62 V                      ; 4.05e-08 V                  ; 2.72 V             ; -0.0349 V          ; 0.173 V                             ; 0.1 V                               ; 2.72e-10 s                 ; 2.69e-10 s                 ; Yes                       ; Yes                       ;
; pulses[14]    ; 2.5 V        ; 0 s                 ; 0 s                 ; 2.62 V                       ; 4.05e-08 V                   ; 2.72 V              ; -0.0349 V           ; 0.173 V                              ; 0.1 V                                ; 2.72e-10 s                  ; 2.69e-10 s                  ; Yes                        ; Yes                        ; 2.62 V                      ; 4.05e-08 V                  ; 2.72 V             ; -0.0349 V          ; 0.173 V                             ; 0.1 V                               ; 2.72e-10 s                 ; 2.69e-10 s                 ; Yes                       ; Yes                       ;
; pulses[15]    ; 2.5 V        ; 0 s                 ; 0 s                 ; 2.62 V                       ; 4.05e-08 V                   ; 2.72 V              ; -0.0349 V           ; 0.173 V                              ; 0.1 V                                ; 2.72e-10 s                  ; 2.69e-10 s                  ; Yes                        ; Yes                        ; 2.62 V                      ; 4.05e-08 V                  ; 2.72 V             ; -0.0349 V          ; 0.173 V                             ; 0.1 V                               ; 2.72e-10 s                 ; 2.69e-10 s                 ; Yes                       ; Yes                       ;
; pulses[16]    ; 2.5 V        ; 0 s                 ; 0 s                 ; 2.62 V                       ; 4.05e-08 V                   ; 2.72 V              ; -0.0349 V           ; 0.173 V                              ; 0.1 V                                ; 2.72e-10 s                  ; 2.69e-10 s                  ; Yes                        ; Yes                        ; 2.62 V                      ; 4.05e-08 V                  ; 2.72 V             ; -0.0349 V          ; 0.173 V                             ; 0.1 V                               ; 2.72e-10 s                 ; 2.69e-10 s                 ; Yes                       ; Yes                       ;
; pulses[17]    ; 2.5 V        ; 0 s                 ; 0 s                 ; 2.62 V                       ; 4.05e-08 V                   ; 2.72 V              ; -0.0349 V           ; 0.173 V                              ; 0.1 V                                ; 2.72e-10 s                  ; 2.69e-10 s                  ; Yes                        ; Yes                        ; 2.62 V                      ; 4.05e-08 V                  ; 2.72 V             ; -0.0349 V          ; 0.173 V                             ; 0.1 V                               ; 2.72e-10 s                 ; 2.69e-10 s                 ; Yes                       ; Yes                       ;
; pulses[18]    ; 2.5 V        ; 0 s                 ; 0 s                 ; 2.62 V                       ; 4.05e-08 V                   ; 2.72 V              ; -0.0349 V           ; 0.173 V                              ; 0.1 V                                ; 2.72e-10 s                  ; 2.69e-10 s                  ; Yes                        ; Yes                        ; 2.62 V                      ; 4.05e-08 V                  ; 2.72 V             ; -0.0349 V          ; 0.173 V                             ; 0.1 V                               ; 2.72e-10 s                 ; 2.69e-10 s                 ; Yes                       ; Yes                       ;
; pulses[19]    ; 2.5 V        ; 0 s                 ; 0 s                 ; 2.62 V                       ; 4.05e-08 V                   ; 2.72 V              ; -0.0349 V           ; 0.173 V                              ; 0.1 V                                ; 2.72e-10 s                  ; 2.69e-10 s                  ; Yes                        ; Yes                        ; 2.62 V                      ; 4.05e-08 V                  ; 2.72 V             ; -0.0349 V          ; 0.173 V                             ; 0.1 V                               ; 2.72e-10 s                 ; 2.69e-10 s                 ; Yes                       ; Yes                       ;
; pulses[20]    ; 2.5 V        ; 0 s                 ; 0 s                 ; 2.62 V                       ; 4.05e-08 V                   ; 2.72 V              ; -0.0349 V           ; 0.173 V                              ; 0.1 V                                ; 2.72e-10 s                  ; 2.69e-10 s                  ; Yes                        ; Yes                        ; 2.62 V                      ; 4.05e-08 V                  ; 2.72 V             ; -0.0349 V          ; 0.173 V                             ; 0.1 V                               ; 2.72e-10 s                 ; 2.69e-10 s                 ; Yes                       ; Yes                       ;
; pulses[21]    ; 2.5 V        ; 0 s                 ; 0 s                 ; 2.62 V                       ; 2.74e-08 V                   ; 2.73 V              ; -0.0384 V           ; 0.169 V                              ; 0.089 V                              ; 2.7e-10 s                   ; 2.62e-10 s                  ; Yes                        ; Yes                        ; 2.62 V                      ; 2.74e-08 V                  ; 2.73 V             ; -0.0384 V          ; 0.169 V                             ; 0.089 V                             ; 2.7e-10 s                  ; 2.62e-10 s                 ; Yes                       ; Yes                       ;
; state[0]      ; 2.5 V        ; 0 s                 ; 0 s                 ; 2.62 V                       ; 4.05e-08 V                   ; 2.72 V              ; -0.0349 V           ; 0.173 V                              ; 0.1 V                                ; 2.72e-10 s                  ; 2.69e-10 s                  ; Yes                        ; Yes                        ; 2.62 V                      ; 4.05e-08 V                  ; 2.72 V             ; -0.0349 V          ; 0.173 V                             ; 0.1 V                               ; 2.72e-10 s                 ; 2.69e-10 s                 ; Yes                       ; Yes                       ;
; state[1]      ; 2.5 V        ; 0 s                 ; 0 s                 ; 2.62 V                       ; 4.05e-08 V                   ; 2.72 V              ; -0.0349 V           ; 0.173 V                              ; 0.1 V                                ; 2.72e-10 s                  ; 2.69e-10 s                  ; Yes                        ; Yes                        ; 2.62 V                      ; 4.05e-08 V                  ; 2.72 V             ; -0.0349 V          ; 0.173 V                             ; 0.1 V                               ; 2.72e-10 s                 ; 2.69e-10 s                 ; Yes                       ; Yes                       ;
; ~ALTERA_DCLK~ ; 2.5 V        ; 0 s                 ; 0 s                 ; 2.62 V                       ; 2.22e-08 V                   ; 2.74 V              ; -0.06 V             ; 0.158 V                              ; 0.08 V                               ; 2.68e-10 s                  ; 2.19e-10 s                  ; Yes                        ; Yes                        ; 2.62 V                      ; 2.22e-08 V                  ; 2.74 V             ; -0.06 V            ; 0.158 V                             ; 0.08 V                              ; 2.68e-10 s                 ; 2.19e-10 s                 ; Yes                       ; Yes                       ;
; ~ALTERA_nCEO~ ; 2.5 V        ; 0 s                 ; 0 s                 ; 2.62 V                       ; 3.54e-08 V                   ; 2.7 V               ; -0.00943 V          ; 0.276 V                              ; 0.035 V                              ; 3.19e-10 s                  ; 4.99e-10 s                  ; No                         ; Yes                        ; 2.62 V                      ; 3.54e-08 V                  ; 2.7 V              ; -0.00943 V         ; 0.276 V                             ; 0.035 V                             ; 3.19e-10 s                 ; 4.99e-10 s                 ; No                        ; Yes                       ;
+---------------+--------------+---------------------+---------------------+------------------------------+------------------------------+---------------------+---------------------+--------------------------------------+--------------------------------------+-----------------------------+-----------------------------+----------------------------+----------------------------+-----------------------------+-----------------------------+--------------------+--------------------+-------------------------------------+-------------------------------------+----------------------------+----------------------------+---------------------------+---------------------------+


+-------------------------------------------------------------------+
; Setup Transfers                                                   ;
+------------+----------+----------+----------+----------+----------+
; From Clock ; To Clock ; RR Paths ; FR Paths ; RF Paths ; FF Paths ;
+------------+----------+----------+----------+----------+----------+
; clk_50M    ; clk_50M  ; 9328     ; 0        ; 0        ; 0        ;
+------------+----------+----------+----------+----------+----------+
Entries labeled "false path" only account for clock-to-clock false paths and not path-based false paths. As a result, actual path counts may be lower than reported.


+-------------------------------------------------------------------+
; Hold Transfers                                                    ;
+------------+----------+----------+----------+----------+----------+
; From Clock ; To Clock ; RR Paths ; FR Paths ; RF Paths ; FF Paths ;
+------------+----------+----------+----------+----------+----------+
; clk_50M    ; clk_50M  ; 9328     ; 0        ; 0        ; 0        ;
+------------+----------+----------+----------+----------+----------+
Entries labeled "false path" only account for clock-to-clock false paths and not path-based false paths. As a result, actual path counts may be lower than reported.


---------------
; Report TCCS ;
---------------
No dedicated SERDES Transmitter circuitry present in device or used in design


---------------
; Report RSKM ;
---------------
No non-DPA dedicated SERDES Receiver circuitry present in device or used in design


+------------------------------------------------+
; Unconstrained Paths Summary                    ;
+---------------------------------+-------+------+
; Property                        ; Setup ; Hold ;
+---------------------------------+-------+------+
; Illegal Clocks                  ; 0     ; 0    ;
; Unconstrained Clocks            ; 0     ; 0    ;
; Unconstrained Input Ports       ; 2     ; 2    ;
; Unconstrained Input Port Paths  ; 55    ; 55   ;
; Unconstrained Output Ports      ; 4     ; 4    ;
; Unconstrained Output Port Paths ; 4     ; 4    ;
+---------------------------------+-------+------+


+----------------------------------------+
; Clock Status Summary                   ;
+---------+---------+------+-------------+
; Target  ; Clock   ; Type ; Status      ;
+---------+---------+------+-------------+
; clk_50M ; clk_50M ; Base ; Constrained ;
+---------+---------+------+-------------+


+---------------------------------------------------------------------------------------------------+
; Unconstrained Input Ports                                                                         ;
+------------+--------------------------------------------------------------------------------------+
; Input Port ; Comment                                                                              ;
+------------+--------------------------------------------------------------------------------------+
; echo_rx    ; No input delay, min/max delays, false-path exceptions, or max skew assignments found ;
; reset      ; No input delay, min/max delays, false-path exceptions, or max skew assignments found ;
+------------+--------------------------------------------------------------------------------------+


+-----------------------------------------------------------------------------------------------------+
; Unconstrained Output Ports                                                                          ;
+-------------+---------------------------------------------------------------------------------------+
; Output Port ; Comment                                                                               ;
+-------------+---------------------------------------------------------------------------------------+
; out         ; No output delay, min/max delays, false-path exceptions, or max skew assignments found ;
; state[0]    ; No output delay, min/max delays, false-path exceptions, or max skew assignments found ;
; state[1]    ; No output delay, min/max delays, false-path exceptions, or max skew assignments found ;
; trigger     ; No output delay, min/max delays, false-path exceptions, or max skew assignments found ;
+-------------+---------------------------------------------------------------------------------------+


+---------------------------------------------------------------------------------------------------+
; Unconstrained Input Ports                                                                         ;
+------------+--------------------------------------------------------------------------------------+
; Input Port ; Comment                                                                              ;
+------------+--------------------------------------------------------------------------------------+
; echo_rx    ; No input delay, min/max delays, false-path exceptions, or max skew assignments found ;
; reset      ; No input delay, min/max delays, false-path exceptions, or max skew assignments found ;
+------------+--------------------------------------------------------------------------------------+


+-----------------------------------------------------------------------------------------------------+
; Unconstrained Output Ports                                                                          ;
+-------------+---------------------------------------------------------------------------------------+
; Output Port ; Comment                                                                               ;
+-------------+---------------------------------------------------------------------------------------+
; out         ; No output delay, min/max delays, false-path exceptions, or max skew assignments found ;
; state[0]    ; No output delay, min/max delays, false-path exceptions, or max skew assignments found ;
; state[1]    ; No output delay, min/max delays, false-path exceptions, or max skew assignments found ;
; trigger     ; No output delay, min/max delays, false-path exceptions, or max skew assignments found ;
+-------------+---------------------------------------------------------------------------------------+


+--------------------------+
; Timing Analyzer Messages ;
+--------------------------+
Info: *******************************************************************
Info: Running Quartus Prime Timing Analyzer
    Info: Version 20.1.1 Build 720 11/11/2020 SJ Lite Edition
    Info: Processing started: Mon Oct 16 23:03:18 2023
Info: Command: quartus_sta t1c_pulse_gen_detect -c t1c_pulse_gen_detect
Info: qsta_default_script.tcl version: #1
Warning (18236): Number of processors has not been specified which may cause overloading on shared machines.  Set the global assignment NUM_PARALLEL_PROCESSORS in your QSF to an appropriate value for best performance.
Info (20030): Parallel compilation is enabled and will use 4 of the 4 processors detected
Info (21077): Low junction temperature is 0 degrees C
Info (21077): High junction temperature is 85 degrees C
Critical Warning (332012): Synopsys Design Constraints File file not found: 't1c_pulse_gen_detect.sdc'. A Synopsys Design Constraints File is required by the Timing Analyzer to get proper timing constraints. Without it, the Compiler will not properly optimize the design.
Info (332142): No user constrained base clocks found in the design. Calling "derive_clocks -period 1.0"
Info (332105): Deriving Clocks
    Info (332105): create_clock -period 1.000 -name clk_50M clk_50M
Info (332143): No user constrained clock uncertainty found in the design. Calling "derive_clock_uncertainty"
Info (332123): Deriving Clock Uncertainty. Please refer to report_sdc in the Timing Analyzer to see clock uncertainties.
Info: Found TIMING_ANALYZER_REPORT_SCRIPT_INCLUDE_DEFAULT_ANALYSIS = ON
Info: Analyzing Slow 1200mV 85C Model
Critical Warning (332148): Timing requirements not met
    Info (11105): For recommendations on closing timing, run Report Timing Closure Recommendations in the Timing Analyzer.
Info (332146): Worst-case setup slack is -4.193
    Info (332119):     Slack       End Point TNS Clock 
    Info (332119): ========= =================== =====================
    Info (332119):    -4.193            -120.917 clk_50M 
Info (332146): Worst-case hold slack is 0.343
    Info (332119):     Slack       End Point TNS Clock 
    Info (332119): ========= =================== =====================
    Info (332119):     0.343               0.000 clk_50M 
Info (332140): No Recovery paths to report
Info (332140): No Removal paths to report
Info (332146): Worst-case minimum pulse width slack is -3.000
    Info (332119):     Slack       End Point TNS Clock 
    Info (332119): ========= =================== =====================
    Info (332119):    -3.000             -41.000 clk_50M 
Info: Analyzing Slow 1200mV 0C Model
Info (334003): Started post-fitting delay annotation
Info (334004): Delay annotation completed successfully
Info (332123): Deriving Clock Uncertainty. Please refer to report_sdc in the Timing Analyzer to see clock uncertainties.
Critical Warning (332148): Timing requirements not met
    Info (11105): For recommendations on closing timing, run Report Timing Closure Recommendations in the Timing Analyzer.
Info (332146): Worst-case setup slack is -3.642
    Info (332119):     Slack       End Point TNS Clock 
    Info (332119): ========= =================== =====================
    Info (332119):    -3.642            -104.303 clk_50M 
Info (332146): Worst-case hold slack is 0.299
    Info (332119):     Slack       End Point TNS Clock 
    Info (332119): ========= =================== =====================
    Info (332119):     0.299               0.000 clk_50M 
Info (332140): No Recovery paths to report
Info (332140): No Removal paths to report
Info (332146): Worst-case minimum pulse width slack is -3.000
    Info (332119):     Slack       End Point TNS Clock 
    Info (332119): ========= =================== =====================
    Info (332119):    -3.000             -41.000 clk_50M 
Info: Analyzing Fast 1200mV 0C Model
Info (332123): Deriving Clock Uncertainty. Please refer to report_sdc in the Timing Analyzer to see clock uncertainties.
Critical Warning (332148): Timing requirements not met
    Info (11105): For recommendations on closing timing, run Report Timing Closure Recommendations in the Timing Analyzer.
Info (332146): Worst-case setup slack is -1.957
    Info (332119):     Slack       End Point TNS Clock 
    Info (332119): ========= =================== =====================
    Info (332119):    -1.957             -51.398 clk_50M 
Info (332146): Worst-case hold slack is 0.178
    Info (332119):     Slack       End Point TNS Clock 
    Info (332119): ========= =================== =====================
    Info (332119):     0.178               0.000 clk_50M 
Info (332140): No Recovery paths to report
Info (332140): No Removal paths to report
Info (332146): Worst-case minimum pulse width slack is -3.000
    Info (332119):     Slack       End Point TNS Clock 
    Info (332119): ========= =================== =====================
    Info (332119):    -3.000             -43.200 clk_50M 
Info (332102): Design is not fully constrained for setup requirements
Info (332102): Design is not fully constrained for hold requirements
Info: Quartus Prime Timing Analyzer was successful. 0 errors, 5 warnings
    Info: Peak virtual memory: 4786 megabytes
    Info: Processing ended: Mon Oct 16 23:03:20 2023
    Info: Elapsed time: 00:00:02
    Info: Total CPU time (on all processors): 00:00:01


