Timing Analyzer report for t2a_uart_rx
Fri Nov 10 19:49:24 2023
Quartus Prime Version 20.1.1 Build 720 11/11/2020 SJ Lite Edition


---------------------
; Table of Contents ;
---------------------
  1. Legal Notice
  2. Timing Analyzer Summary
  3. Parallel Compilation
  4. Clocks
  5. Slow 1200mV 85C Model Fmax Summary
  6. Timing Closure Recommendations
  7. Slow 1200mV 85C Model Setup Summary
  8. Slow 1200mV 85C Model Hold Summary
  9. Slow 1200mV 85C Model Recovery Summary
 10. Slow 1200mV 85C Model Removal Summary
 11. Slow 1200mV 85C Model Minimum Pulse Width Summary
 12. Slow 1200mV 85C Model Setup: 'clk_50M'
 13. Slow 1200mV 85C Model Hold: 'clk_50M'
 14. Slow 1200mV 85C Model Metastability Summary
 15. Slow 1200mV 0C Model Fmax Summary
 16. Slow 1200mV 0C Model Setup Summary
 17. Slow 1200mV 0C Model Hold Summary
 18. Slow 1200mV 0C Model Recovery Summary
 19. Slow 1200mV 0C Model Removal Summary
 20. Slow 1200mV 0C Model Minimum Pulse Width Summary
 21. Slow 1200mV 0C Model Setup: 'clk_50M'
 22. Slow 1200mV 0C Model Hold: 'clk_50M'
 23. Slow 1200mV 0C Model Metastability Summary
 24. Fast 1200mV 0C Model Setup Summary
 25. Fast 1200mV 0C Model Hold Summary
 26. Fast 1200mV 0C Model Recovery Summary
 27. Fast 1200mV 0C Model Removal Summary
 28. Fast 1200mV 0C Model Minimum Pulse Width Summary
 29. Fast 1200mV 0C Model Setup: 'clk_50M'
 30. Fast 1200mV 0C Model Hold: 'clk_50M'
 31. Fast 1200mV 0C Model Metastability Summary
 32. Multicorner Timing Analysis Summary
 33. Board Trace Model Assignments
 34. Input Transition Times
 35. Signal Integrity Metrics (Slow 1200mv 0c Model)
 36. Signal Integrity Metrics (Slow 1200mv 85c Model)
 37. Signal Integrity Metrics (Fast 1200mv 0c Model)
 38. Setup Transfers
 39. Hold Transfers
 40. Report TCCS
 41. Report RSKM
 42. Unconstrained Paths Summary
 43. Clock Status Summary
 44. Unconstrained Input Ports
 45. Unconstrained Output Ports
 46. Unconstrained Input Ports
 47. Unconstrained Output Ports
 48. Timing Analyzer Messages



----------------
; Legal Notice ;
----------------
Copyright (C) 2020  Intel Corporation. All rights reserved.
Your use of Intel Corporation's design tools, logic functions 
and other software and tools, and any partner logic 
functions, and any output files from any of the foregoing 
(including device programming or simulation files), and any 
associated documentation or information are expressly subject 
to the terms and conditions of the Intel Program License 
Subscription Agreement, the Intel Quartus Prime License Agreement,
the Intel FPGA IP License Agreement, or other applicable license
agreement, including, without limitation, that your use is for
the sole purpose of programming logic devices manufactured by
Intel and sold by Intel or its authorized distributors.  Please
refer to the applicable agreement for further details, at
https://fpgasoftware.intel.com/eula.



+-----------------------------------------------------------------------------+
; Timing Analyzer Summary                                                     ;
+-----------------------+-----------------------------------------------------+
; Quartus Prime Version ; Version 20.1.1 Build 720 11/11/2020 SJ Lite Edition ;
; Timing Analyzer       ; Legacy Timing Analyzer                              ;
; Revision Name         ; t2a_uart_rx                                         ;
; Device Family         ; Cyclone IV E                                        ;
; Device Name           ; EP4CE22F17C6                                        ;
; Timing Models         ; Final                                               ;
; Delay Model           ; Combined                                            ;
; Rise/Fall Delays      ; Enabled                                             ;
+-----------------------+-----------------------------------------------------+


+------------------------------------------+
; Parallel Compilation                     ;
+----------------------------+-------------+
; Processors                 ; Number      ;
+----------------------------+-------------+
; Number detected on machine ; 8           ;
; Maximum allowed            ; 4           ;
;                            ;             ;
; Average used               ; 1.01        ;
; Maximum used               ; 4           ;
;                            ;             ;
; Usage by Processor         ; % Time Used ;
;     Processor 1            ; 100.0%      ;
;     Processors 2-4         ;   0.4%      ;
+----------------------------+-------------+


+-------------------------------------------------------------------------------------------------------------------------------------------------------------------------------------+
; Clocks                                                                                                                                                                              ;
+------------+------+--------+------------+-------+-------+------------+-----------+-------------+-------+--------+-----------+------------+----------+--------+--------+-------------+
; Clock Name ; Type ; Period ; Frequency  ; Rise  ; Fall  ; Duty Cycle ; Divide by ; Multiply by ; Phase ; Offset ; Edge List ; Edge Shift ; Inverted ; Master ; Source ; Targets     ;
+------------+------+--------+------------+-------+-------+------------+-----------+-------------+-------+--------+-----------+------------+----------+--------+--------+-------------+
; clk_50M    ; Base ; 1.000  ; 1000.0 MHz ; 0.000 ; 0.500 ;            ;           ;             ;       ;        ;           ;            ;          ;        ;        ; { clk_50M } ;
+------------+------+--------+------------+-------+-------+------------+-----------+-------------+-------+--------+-----------+------------+----------+--------+--------+-------------+


+-----------------------------------------------------------------------------------------------------------+
; Slow 1200mV 85C Model Fmax Summary                                                                        ;
+------------+-----------------+------------+---------------------------------------------------------------+
; Fmax       ; Restricted Fmax ; Clock Name ; Note                                                          ;
+------------+-----------------+------------+---------------------------------------------------------------+
; 251.64 MHz ; 250.0 MHz       ; clk_50M    ; limit due to minimum period restriction (max I/O toggle rate) ;
+------------+-----------------+------------+---------------------------------------------------------------+
This panel reports FMAX for every clock in the design, regardless of the user-specified clock periods.  FMAX is only computed for paths where the source and destination registers or ports are driven by the same clock.  Paths of different clocks, including generated clocks, are ignored.  For paths between a clock and its inversion, FMAX is computed as if the rising and falling edges are scaled along with FMAX, such that the duty cycle (in terms of a percentage) is maintained. Altera recommends that you always use clock constraints and other slack reports for sign-off analysis.


----------------------------------
; Timing Closure Recommendations ;
----------------------------------
HTML report is unavailable in plain text report export.


+-------------------------------------+
; Slow 1200mV 85C Model Setup Summary ;
+---------+--------+------------------+
; Clock   ; Slack  ; End Point TNS    ;
+---------+--------+------------------+
; clk_50M ; -2.974 ; -86.779          ;
+---------+--------+------------------+


+------------------------------------+
; Slow 1200mV 85C Model Hold Summary ;
+---------+-------+------------------+
; Clock   ; Slack ; End Point TNS    ;
+---------+-------+------------------+
; clk_50M ; 0.344 ; 0.000            ;
+---------+-------+------------------+


------------------------------------------
; Slow 1200mV 85C Model Recovery Summary ;
------------------------------------------
No paths to report.


-----------------------------------------
; Slow 1200mV 85C Model Removal Summary ;
-----------------------------------------
No paths to report.


+---------------------------------------------------+
; Slow 1200mV 85C Model Minimum Pulse Width Summary ;
+---------+--------+--------------------------------+
; Clock   ; Slack  ; End Point TNS                  ;
+---------+--------+--------------------------------+
; clk_50M ; -3.000 ; -50.000                        ;
+---------+--------+--------------------------------+


+---------------------------------------------------------------------------------------------------------+
; Slow 1200mV 85C Model Setup: 'clk_50M'                                                                  ;
+--------+------------+-------------+--------------+-------------+--------------+------------+------------+
; Slack  ; From Node  ; To Node     ; Launch Clock ; Latch Clock ; Relationship ; Clock Skew ; Data Delay ;
+--------+------------+-------------+--------------+-------------+--------------+------------+------------+
; -2.974 ; counter[1] ; counter[4]  ; clk_50M      ; clk_50M     ; 1.000        ; -0.062     ; 3.907      ;
; -2.939 ; counter[1] ; counter[0]  ; clk_50M      ; clk_50M     ; 1.000        ; -0.062     ; 3.872      ;
; -2.911 ; counter[1] ; counter[5]  ; clk_50M      ; clk_50M     ; 1.000        ; -0.062     ; 3.844      ;
; -2.876 ; counter[0] ; counter[4]  ; clk_50M      ; clk_50M     ; 1.000        ; -0.062     ; 3.809      ;
; -2.866 ; counter[7] ; counter[4]  ; clk_50M      ; clk_50M     ; 1.000        ; -0.428     ; 3.433      ;
; -2.841 ; counter[0] ; counter[0]  ; clk_50M      ; clk_50M     ; 1.000        ; -0.062     ; 3.774      ;
; -2.836 ; counter[1] ; state.ST2   ; clk_50M      ; clk_50M     ; 1.000        ; 0.289      ; 4.120      ;
; -2.835 ; counter[1] ; state.ST3   ; clk_50M      ; clk_50M     ; 1.000        ; 0.289      ; 4.119      ;
; -2.831 ; counter[7] ; counter[0]  ; clk_50M      ; clk_50M     ; 1.000        ; -0.428     ; 3.398      ;
; -2.813 ; counter[0] ; counter[5]  ; clk_50M      ; clk_50M     ; 1.000        ; -0.062     ; 3.746      ;
; -2.803 ; counter[7] ; counter[5]  ; clk_50M      ; clk_50M     ; 1.000        ; -0.428     ; 3.370      ;
; -2.765 ; counter[1] ; state.IDLE  ; clk_50M      ; clk_50M     ; 1.000        ; 0.289      ; 4.049      ;
; -2.765 ; counter[1] ; state.ST4   ; clk_50M      ; clk_50M     ; 1.000        ; 0.289      ; 4.049      ;
; -2.758 ; counter[1] ; state.ST1   ; clk_50M      ; clk_50M     ; 1.000        ; 0.289      ; 4.042      ;
; -2.738 ; counter[0] ; state.ST2   ; clk_50M      ; clk_50M     ; 1.000        ; 0.289      ; 4.022      ;
; -2.737 ; counter[3] ; counter[4]  ; clk_50M      ; clk_50M     ; 1.000        ; -0.062     ; 3.670      ;
; -2.737 ; counter[0] ; state.ST3   ; clk_50M      ; clk_50M     ; 1.000        ; 0.289      ; 4.021      ;
; -2.729 ; counter[4] ; counter[4]  ; clk_50M      ; clk_50M     ; 1.000        ; -0.062     ; 3.662      ;
; -2.728 ; counter[7] ; state.ST2   ; clk_50M      ; clk_50M     ; 1.000        ; -0.077     ; 3.646      ;
; -2.727 ; counter[7] ; state.ST3   ; clk_50M      ; clk_50M     ; 1.000        ; -0.077     ; 3.645      ;
; -2.716 ; counter[5] ; counter[4]  ; clk_50M      ; clk_50M     ; 1.000        ; -0.062     ; 3.649      ;
; -2.702 ; counter[3] ; counter[0]  ; clk_50M      ; clk_50M     ; 1.000        ; -0.062     ; 3.635      ;
; -2.694 ; counter[4] ; counter[0]  ; clk_50M      ; clk_50M     ; 1.000        ; -0.062     ; 3.627      ;
; -2.681 ; counter[5] ; counter[0]  ; clk_50M      ; clk_50M     ; 1.000        ; -0.062     ; 3.614      ;
; -2.674 ; counter[3] ; counter[5]  ; clk_50M      ; clk_50M     ; 1.000        ; -0.062     ; 3.607      ;
; -2.667 ; counter[0] ; state.IDLE  ; clk_50M      ; clk_50M     ; 1.000        ; 0.289      ; 3.951      ;
; -2.667 ; counter[0] ; state.ST4   ; clk_50M      ; clk_50M     ; 1.000        ; 0.289      ; 3.951      ;
; -2.666 ; counter[4] ; counter[5]  ; clk_50M      ; clk_50M     ; 1.000        ; -0.062     ; 3.599      ;
; -2.660 ; counter[0] ; state.ST1   ; clk_50M      ; clk_50M     ; 1.000        ; 0.289      ; 3.944      ;
; -2.657 ; counter[7] ; state.IDLE  ; clk_50M      ; clk_50M     ; 1.000        ; -0.077     ; 3.575      ;
; -2.657 ; counter[7] ; state.ST4   ; clk_50M      ; clk_50M     ; 1.000        ; -0.077     ; 3.575      ;
; -2.653 ; counter[5] ; counter[5]  ; clk_50M      ; clk_50M     ; 1.000        ; -0.062     ; 3.586      ;
; -2.650 ; counter[7] ; state.ST1   ; clk_50M      ; clk_50M     ; 1.000        ; -0.077     ; 3.568      ;
; -2.634 ; counter[2] ; counter[4]  ; clk_50M      ; clk_50M     ; 1.000        ; -0.062     ; 3.567      ;
; -2.625 ; counter[1] ; counter[7]  ; clk_50M      ; clk_50M     ; 1.000        ; 0.290      ; 3.910      ;
; -2.622 ; counter[1] ; counter[1]  ; clk_50M      ; clk_50M     ; 1.000        ; -0.062     ; 3.555      ;
; -2.621 ; counter[6] ; counter[4]  ; clk_50M      ; clk_50M     ; 1.000        ; -0.062     ; 3.554      ;
; -2.604 ; counter[8] ; counter[4]  ; clk_50M      ; clk_50M     ; 1.000        ; -0.428     ; 3.171      ;
; -2.599 ; counter[2] ; counter[0]  ; clk_50M      ; clk_50M     ; 1.000        ; -0.062     ; 3.532      ;
; -2.599 ; counter[3] ; state.ST2   ; clk_50M      ; clk_50M     ; 1.000        ; 0.289      ; 3.883      ;
; -2.598 ; counter[3] ; state.ST3   ; clk_50M      ; clk_50M     ; 1.000        ; 0.289      ; 3.882      ;
; -2.591 ; counter[4] ; state.ST2   ; clk_50M      ; clk_50M     ; 1.000        ; 0.289      ; 3.875      ;
; -2.590 ; counter[4] ; state.ST3   ; clk_50M      ; clk_50M     ; 1.000        ; 0.289      ; 3.874      ;
; -2.586 ; counter[6] ; counter[0]  ; clk_50M      ; clk_50M     ; 1.000        ; -0.062     ; 3.519      ;
; -2.584 ; counter[1] ; counter[8]  ; clk_50M      ; clk_50M     ; 1.000        ; 0.290      ; 3.869      ;
; -2.578 ; counter[5] ; state.ST2   ; clk_50M      ; clk_50M     ; 1.000        ; 0.289      ; 3.862      ;
; -2.577 ; counter[5] ; state.ST3   ; clk_50M      ; clk_50M     ; 1.000        ; 0.289      ; 3.861      ;
; -2.571 ; counter[2] ; counter[5]  ; clk_50M      ; clk_50M     ; 1.000        ; -0.062     ; 3.504      ;
; -2.569 ; counter[8] ; counter[0]  ; clk_50M      ; clk_50M     ; 1.000        ; -0.428     ; 3.136      ;
; -2.558 ; counter[6] ; counter[5]  ; clk_50M      ; clk_50M     ; 1.000        ; -0.062     ; 3.491      ;
; -2.541 ; counter[8] ; counter[5]  ; clk_50M      ; clk_50M     ; 1.000        ; -0.428     ; 3.108      ;
; -2.528 ; counter[3] ; state.IDLE  ; clk_50M      ; clk_50M     ; 1.000        ; 0.289      ; 3.812      ;
; -2.528 ; counter[3] ; state.ST4   ; clk_50M      ; clk_50M     ; 1.000        ; 0.289      ; 3.812      ;
; -2.527 ; counter[0] ; counter[7]  ; clk_50M      ; clk_50M     ; 1.000        ; 0.290      ; 3.812      ;
; -2.524 ; counter[0] ; counter[1]  ; clk_50M      ; clk_50M     ; 1.000        ; -0.062     ; 3.457      ;
; -2.521 ; counter[3] ; state.ST1   ; clk_50M      ; clk_50M     ; 1.000        ; 0.289      ; 3.805      ;
; -2.520 ; counter[4] ; state.IDLE  ; clk_50M      ; clk_50M     ; 1.000        ; 0.289      ; 3.804      ;
; -2.520 ; counter[4] ; state.ST4   ; clk_50M      ; clk_50M     ; 1.000        ; 0.289      ; 3.804      ;
; -2.517 ; counter[7] ; counter[7]  ; clk_50M      ; clk_50M     ; 1.000        ; -0.076     ; 3.436      ;
; -2.514 ; counter[7] ; counter[1]  ; clk_50M      ; clk_50M     ; 1.000        ; -0.428     ; 3.081      ;
; -2.513 ; counter[4] ; state.ST1   ; clk_50M      ; clk_50M     ; 1.000        ; 0.289      ; 3.797      ;
; -2.507 ; counter[5] ; state.IDLE  ; clk_50M      ; clk_50M     ; 1.000        ; 0.289      ; 3.791      ;
; -2.507 ; counter[5] ; state.ST4   ; clk_50M      ; clk_50M     ; 1.000        ; 0.289      ; 3.791      ;
; -2.500 ; counter[5] ; state.ST1   ; clk_50M      ; clk_50M     ; 1.000        ; 0.289      ; 3.784      ;
; -2.496 ; counter[2] ; state.ST2   ; clk_50M      ; clk_50M     ; 1.000        ; 0.289      ; 3.780      ;
; -2.495 ; counter[2] ; state.ST3   ; clk_50M      ; clk_50M     ; 1.000        ; 0.289      ; 3.779      ;
; -2.486 ; counter[0] ; counter[8]  ; clk_50M      ; clk_50M     ; 1.000        ; 0.290      ; 3.771      ;
; -2.483 ; counter[6] ; state.ST2   ; clk_50M      ; clk_50M     ; 1.000        ; 0.289      ; 3.767      ;
; -2.482 ; counter[6] ; state.ST3   ; clk_50M      ; clk_50M     ; 1.000        ; 0.289      ; 3.766      ;
; -2.476 ; counter[7] ; counter[8]  ; clk_50M      ; clk_50M     ; 1.000        ; -0.076     ; 3.395      ;
; -2.466 ; counter[8] ; state.ST2   ; clk_50M      ; clk_50M     ; 1.000        ; -0.077     ; 3.384      ;
; -2.465 ; counter[8] ; state.ST3   ; clk_50M      ; clk_50M     ; 1.000        ; -0.077     ; 3.383      ;
; -2.425 ; counter[2] ; state.IDLE  ; clk_50M      ; clk_50M     ; 1.000        ; 0.289      ; 3.709      ;
; -2.425 ; counter[2] ; state.ST4   ; clk_50M      ; clk_50M     ; 1.000        ; 0.289      ; 3.709      ;
; -2.418 ; counter[2] ; state.ST1   ; clk_50M      ; clk_50M     ; 1.000        ; 0.289      ; 3.702      ;
; -2.412 ; counter[6] ; state.IDLE  ; clk_50M      ; clk_50M     ; 1.000        ; 0.289      ; 3.696      ;
; -2.412 ; counter[6] ; state.ST4   ; clk_50M      ; clk_50M     ; 1.000        ; 0.289      ; 3.696      ;
; -2.405 ; counter[6] ; state.ST1   ; clk_50M      ; clk_50M     ; 1.000        ; 0.289      ; 3.689      ;
; -2.397 ; counter[8] ; state.IDLE  ; clk_50M      ; clk_50M     ; 1.000        ; -0.077     ; 3.315      ;
; -2.396 ; counter[8] ; state.ST4   ; clk_50M      ; clk_50M     ; 1.000        ; -0.077     ; 3.314      ;
; -2.395 ; counter[8] ; state.ST1   ; clk_50M      ; clk_50M     ; 1.000        ; -0.077     ; 3.313      ;
; -2.388 ; counter[3] ; counter[7]  ; clk_50M      ; clk_50M     ; 1.000        ; 0.290      ; 3.673      ;
; -2.385 ; counter[3] ; counter[1]  ; clk_50M      ; clk_50M     ; 1.000        ; -0.062     ; 3.318      ;
; -2.380 ; counter[4] ; counter[7]  ; clk_50M      ; clk_50M     ; 1.000        ; 0.290      ; 3.665      ;
; -2.377 ; counter[4] ; counter[1]  ; clk_50M      ; clk_50M     ; 1.000        ; -0.062     ; 3.310      ;
; -2.367 ; counter[5] ; counter[7]  ; clk_50M      ; clk_50M     ; 1.000        ; 0.290      ; 3.652      ;
; -2.364 ; counter[5] ; counter[1]  ; clk_50M      ; clk_50M     ; 1.000        ; -0.062     ; 3.297      ;
; -2.347 ; counter[3] ; counter[8]  ; clk_50M      ; clk_50M     ; 1.000        ; 0.290      ; 3.632      ;
; -2.339 ; counter[4] ; counter[8]  ; clk_50M      ; clk_50M     ; 1.000        ; 0.290      ; 3.624      ;
; -2.326 ; counter[5] ; counter[8]  ; clk_50M      ; clk_50M     ; 1.000        ; 0.290      ; 3.611      ;
; -2.285 ; counter[2] ; register[7] ; clk_50M      ; clk_50M     ; 1.000        ; -0.061     ; 3.219      ;
; -2.285 ; counter[2] ; register[6] ; clk_50M      ; clk_50M     ; 1.000        ; -0.061     ; 3.219      ;
; -2.285 ; counter[2] ; register[5] ; clk_50M      ; clk_50M     ; 1.000        ; -0.061     ; 3.219      ;
; -2.285 ; counter[2] ; register[4] ; clk_50M      ; clk_50M     ; 1.000        ; -0.061     ; 3.219      ;
; -2.285 ; counter[2] ; register[3] ; clk_50M      ; clk_50M     ; 1.000        ; -0.061     ; 3.219      ;
; -2.285 ; counter[2] ; register[2] ; clk_50M      ; clk_50M     ; 1.000        ; -0.061     ; 3.219      ;
; -2.285 ; counter[2] ; register[1] ; clk_50M      ; clk_50M     ; 1.000        ; -0.061     ; 3.219      ;
; -2.285 ; counter[2] ; register[0] ; clk_50M      ; clk_50M     ; 1.000        ; -0.061     ; 3.219      ;
; -2.285 ; counter[2] ; counter[7]  ; clk_50M      ; clk_50M     ; 1.000        ; 0.290      ; 3.570      ;
; -2.282 ; counter[2] ; counter[1]  ; clk_50M      ; clk_50M     ; 1.000        ; -0.062     ; 3.215      ;
+--------+------------+-------------+--------------+-------------+--------------+------------+------------+


+-------------------------------------------------------------------------------------------------------------------+
; Slow 1200mV 85C Model Hold: 'clk_50M'                                                                             ;
+-------+------------------+------------------+--------------+-------------+--------------+------------+------------+
; Slack ; From Node        ; To Node          ; Launch Clock ; Latch Clock ; Relationship ; Clock Skew ; Data Delay ;
+-------+------------------+------------------+--------------+-------------+--------------+------------+------------+
; 0.344 ; rx_complete~reg0 ; rx_complete~reg0 ; clk_50M      ; clk_50M     ; 0.000        ; 0.076      ; 0.577      ;
; 0.344 ; state.ST3        ; state.ST3        ; clk_50M      ; clk_50M     ; 0.000        ; 0.076      ; 0.577      ;
; 0.344 ; state.ST2        ; state.ST2        ; clk_50M      ; clk_50M     ; 0.000        ; 0.076      ; 0.577      ;
; 0.344 ; state.ST1        ; state.ST1        ; clk_50M      ; clk_50M     ; 0.000        ; 0.076      ; 0.577      ;
; 0.344 ; state.IDLE       ; state.IDLE       ; clk_50M      ; clk_50M     ; 0.000        ; 0.076      ; 0.577      ;
; 0.347 ; state.ST4        ; state.ST4        ; clk_50M      ; clk_50M     ; 0.000        ; 0.076      ; 0.580      ;
; 0.359 ; bit_counter[3]   ; bit_counter[3]   ; clk_50M      ; clk_50M     ; 0.000        ; 0.061      ; 0.577      ;
; 0.359 ; bit_counter[1]   ; bit_counter[1]   ; clk_50M      ; clk_50M     ; 0.000        ; 0.061      ; 0.577      ;
; 0.359 ; bit_counter[2]   ; bit_counter[2]   ; clk_50M      ; clk_50M     ; 0.000        ; 0.061      ; 0.577      ;
; 0.359 ; bit_counter[0]   ; bit_counter[0]   ; clk_50M      ; clk_50M     ; 0.000        ; 0.061      ; 0.577      ;
; 0.378 ; count[10]        ; count[10]        ; clk_50M      ; clk_50M     ; 0.000        ; 0.061      ; 0.596      ;
; 0.380 ; state.IDLE       ; rx_complete~reg0 ; clk_50M      ; clk_50M     ; 0.000        ; 0.076      ; 0.613      ;
; 0.394 ; register[6]      ; register[7]      ; clk_50M      ; clk_50M     ; 0.000        ; 0.062      ; 0.613      ;
; 0.394 ; register[5]      ; register[6]      ; clk_50M      ; clk_50M     ; 0.000        ; 0.062      ; 0.613      ;
; 0.394 ; register[0]      ; register[1]      ; clk_50M      ; clk_50M     ; 0.000        ; 0.062      ; 0.613      ;
; 0.499 ; register[3]      ; register[4]      ; clk_50M      ; clk_50M     ; 0.000        ; 0.062      ; 0.718      ;
; 0.500 ; register[4]      ; register[5]      ; clk_50M      ; clk_50M     ; 0.000        ; 0.062      ; 0.719      ;
; 0.559 ; count[9]         ; count[9]         ; clk_50M      ; clk_50M     ; 0.000        ; 0.061      ; 0.777      ;
; 0.561 ; count[5]         ; count[5]         ; clk_50M      ; clk_50M     ; 0.000        ; 0.061      ; 0.779      ;
; 0.564 ; count[8]         ; count[8]         ; clk_50M      ; clk_50M     ; 0.000        ; 0.061      ; 0.782      ;
; 0.571 ; register[1]      ; register[2]      ; clk_50M      ; clk_50M     ; 0.000        ; 0.062      ; 0.790      ;
; 0.571 ; count[3]         ; count[3]         ; clk_50M      ; clk_50M     ; 0.000        ; 0.061      ; 0.789      ;
; 0.573 ; register[2]      ; register[3]      ; clk_50M      ; clk_50M     ; 0.000        ; 0.062      ; 0.792      ;
; 0.577 ; bit_counter[0]   ; bit_counter[1]   ; clk_50M      ; clk_50M     ; 0.000        ; 0.061      ; 0.795      ;
; 0.582 ; state.ST4        ; rx_complete~reg0 ; clk_50M      ; clk_50M     ; 0.000        ; 0.076      ; 0.815      ;
; 0.599 ; state.ST4        ; state.ST1        ; clk_50M      ; clk_50M     ; 0.000        ; 0.076      ; 0.832      ;
; 0.599 ; state.ST4        ; state.IDLE       ; clk_50M      ; clk_50M     ; 0.000        ; 0.076      ; 0.832      ;
; 0.602 ; state.ST4        ; state.ST2        ; clk_50M      ; clk_50M     ; 0.000        ; 0.076      ; 0.835      ;
; 0.702 ; count[6]         ; count[6]         ; clk_50M      ; clk_50M     ; 0.000        ; 0.061      ; 0.920      ;
; 0.709 ; count[6]         ; count[7]         ; clk_50M      ; clk_50M     ; 0.000        ; 0.061      ; 0.927      ;
; 0.732 ; state.ST4        ; state.ST3        ; clk_50M      ; clk_50M     ; 0.000        ; 0.076      ; 0.965      ;
; 0.761 ; register[7]      ; rx_msg[7]~reg0   ; clk_50M      ; clk_50M     ; 0.000        ; 0.071      ; 0.989      ;
; 0.779 ; register[3]      ; rx_msg[3]~reg0   ; clk_50M      ; clk_50M     ; 0.000        ; 0.071      ; 1.007      ;
; 0.782 ; register[1]      ; rx_msg[1]~reg0   ; clk_50M      ; clk_50M     ; 0.000        ; 0.071      ; 1.010      ;
; 0.783 ; register[6]      ; rx_msg[6]~reg0   ; clk_50M      ; clk_50M     ; 0.000        ; 0.071      ; 1.011      ;
; 0.798 ; register[0]      ; rx_msg[0]~reg0   ; clk_50M      ; clk_50M     ; 0.000        ; 0.071      ; 1.026      ;
; 0.801 ; register[4]      ; rx_msg[4]~reg0   ; clk_50M      ; clk_50M     ; 0.000        ; 0.071      ; 1.029      ;
; 0.802 ; register[5]      ; rx_msg[5]~reg0   ; clk_50M      ; clk_50M     ; 0.000        ; 0.071      ; 1.030      ;
; 0.804 ; state.ST1        ; counter[7]       ; clk_50M      ; clk_50M     ; 0.000        ; 0.077      ; 1.038      ;
; 0.833 ; count[5]         ; count[6]         ; clk_50M      ; clk_50M     ; 0.000        ; 0.061      ; 1.051      ;
; 0.834 ; count[9]         ; count[10]        ; clk_50M      ; clk_50M     ; 0.000        ; 0.061      ; 1.052      ;
; 0.835 ; count[7]         ; count[8]         ; clk_50M      ; clk_50M     ; 0.000        ; 0.061      ; 1.053      ;
; 0.839 ; count[5]         ; count[7]         ; clk_50M      ; clk_50M     ; 0.000        ; 0.061      ; 1.057      ;
; 0.849 ; count[4]         ; count[5]         ; clk_50M      ; clk_50M     ; 0.000        ; 0.061      ; 1.067      ;
; 0.851 ; count[8]         ; count[9]         ; clk_50M      ; clk_50M     ; 0.000        ; 0.061      ; 1.069      ;
; 0.852 ; count[6]         ; count[8]         ; clk_50M      ; clk_50M     ; 0.000        ; 0.061      ; 1.070      ;
; 0.853 ; count[8]         ; count[10]        ; clk_50M      ; clk_50M     ; 0.000        ; 0.061      ; 1.071      ;
; 0.854 ; state.ST1        ; counter[8]       ; clk_50M      ; clk_50M     ; 0.000        ; 0.077      ; 1.088      ;
; 0.854 ; count[4]         ; count[4]         ; clk_50M      ; clk_50M     ; 0.000        ; 0.061      ; 1.072      ;
; 0.883 ; count[4]         ; count[6]         ; clk_50M      ; clk_50M     ; 0.000        ; 0.061      ; 1.101      ;
; 0.886 ; count[7]         ; count[6]         ; clk_50M      ; clk_50M     ; 0.000        ; 0.061      ; 1.104      ;
; 0.890 ; count[4]         ; count[7]         ; clk_50M      ; clk_50M     ; 0.000        ; 0.061      ; 1.108      ;
; 0.893 ; count[7]         ; count[7]         ; clk_50M      ; clk_50M     ; 0.000        ; 0.061      ; 1.111      ;
; 0.904 ; register[2]      ; rx_msg[2]~reg0   ; clk_50M      ; clk_50M     ; 0.000        ; 0.071      ; 1.132      ;
; 0.908 ; count[3]         ; count[0]         ; clk_50M      ; clk_50M     ; 0.000        ; 0.062      ; 1.127      ;
; 0.909 ; count[3]         ; count[1]         ; clk_50M      ; clk_50M     ; 0.000        ; 0.062      ; 1.128      ;
; 0.937 ; count[6]         ; count[4]         ; clk_50M      ; clk_50M     ; 0.000        ; 0.061      ; 1.155      ;
; 0.945 ; count[7]         ; count[9]         ; clk_50M      ; clk_50M     ; 0.000        ; 0.061      ; 1.163      ;
; 0.947 ; count[5]         ; count[8]         ; clk_50M      ; clk_50M     ; 0.000        ; 0.061      ; 1.165      ;
; 0.947 ; count[7]         ; count[10]        ; clk_50M      ; clk_50M     ; 0.000        ; 0.061      ; 1.165      ;
; 0.956 ; state.ST1        ; counter[6]       ; clk_50M      ; clk_50M     ; 0.000        ; -0.289     ; 0.824      ;
; 0.956 ; count[3]         ; count[5]         ; clk_50M      ; clk_50M     ; 0.000        ; 0.061      ; 1.174      ;
; 0.960 ; count[10]        ; count[7]         ; clk_50M      ; clk_50M     ; 0.000        ; 0.061      ; 1.178      ;
; 0.960 ; count[10]        ; count[4]         ; clk_50M      ; clk_50M     ; 0.000        ; 0.061      ; 1.178      ;
; 0.961 ; count[2]         ; count[0]         ; clk_50M      ; clk_50M     ; 0.000        ; 0.061      ; 1.179      ;
; 0.961 ; count[2]         ; count[1]         ; clk_50M      ; clk_50M     ; 0.000        ; 0.061      ; 1.179      ;
; 0.962 ; count[6]         ; count[9]         ; clk_50M      ; clk_50M     ; 0.000        ; 0.061      ; 1.180      ;
; 0.963 ; count[4]         ; count[8]         ; clk_50M      ; clk_50M     ; 0.000        ; 0.061      ; 1.181      ;
; 0.964 ; count[1]         ; count[0]         ; clk_50M      ; clk_50M     ; 0.000        ; 0.061      ; 1.182      ;
; 0.964 ; count[1]         ; count[1]         ; clk_50M      ; clk_50M     ; 0.000        ; 0.061      ; 1.182      ;
; 0.964 ; count[6]         ; count[10]        ; clk_50M      ; clk_50M     ; 0.000        ; 0.061      ; 1.182      ;
; 0.965 ; count[10]        ; count[6]         ; clk_50M      ; clk_50M     ; 0.000        ; 0.061      ; 1.183      ;
; 0.971 ; bit_counter[0]   ; bit_counter[2]   ; clk_50M      ; clk_50M     ; 0.000        ; 0.061      ; 1.189      ;
; 0.975 ; bit_counter[0]   ; bit_counter[3]   ; clk_50M      ; clk_50M     ; 0.000        ; 0.061      ; 1.193      ;
; 0.983 ; count[6]         ; count[2]         ; clk_50M      ; clk_50M     ; 0.000        ; 0.062      ; 1.202      ;
; 0.998 ; count[2]         ; count[3]         ; clk_50M      ; clk_50M     ; 0.000        ; 0.060      ; 1.215      ;
; 1.019 ; counter[9]       ; counter[9]       ; clk_50M      ; clk_50M     ; 0.000        ; 0.062      ; 1.238      ;
; 1.028 ; count[0]         ; count[0]         ; clk_50M      ; clk_50M     ; 0.000        ; 0.061      ; 1.246      ;
; 1.029 ; count[0]         ; count[1]         ; clk_50M      ; clk_50M     ; 0.000        ; 0.061      ; 1.247      ;
; 1.047 ; count[3]         ; state.ST4        ; clk_50M      ; clk_50M     ; 0.000        ; 0.428      ; 1.632      ;
; 1.055 ; bit_counter[1]   ; bit_counter[2]   ; clk_50M      ; clk_50M     ; 0.000        ; 0.061      ; 1.273      ;
; 1.057 ; count[5]         ; count[9]         ; clk_50M      ; clk_50M     ; 0.000        ; 0.061      ; 1.275      ;
; 1.059 ; count[5]         ; count[10]        ; clk_50M      ; clk_50M     ; 0.000        ; 0.061      ; 1.277      ;
; 1.063 ; count[9]         ; count[7]         ; clk_50M      ; clk_50M     ; 0.000        ; 0.061      ; 1.281      ;
; 1.063 ; count[9]         ; count[4]         ; clk_50M      ; clk_50M     ; 0.000        ; 0.061      ; 1.281      ;
; 1.068 ; count[9]         ; count[6]         ; clk_50M      ; clk_50M     ; 0.000        ; 0.061      ; 1.286      ;
; 1.070 ; count[3]         ; count[8]         ; clk_50M      ; clk_50M     ; 0.000        ; 0.061      ; 1.288      ;
; 1.072 ; count[5]         ; count[4]         ; clk_50M      ; clk_50M     ; 0.000        ; 0.061      ; 1.290      ;
; 1.073 ; count[4]         ; count[9]         ; clk_50M      ; clk_50M     ; 0.000        ; 0.061      ; 1.291      ;
; 1.074 ; count[2]         ; state.ST4        ; clk_50M      ; clk_50M     ; 0.000        ; 0.427      ; 1.658      ;
; 1.075 ; count[4]         ; count[10]        ; clk_50M      ; clk_50M     ; 0.000        ; 0.061      ; 1.293      ;
; 1.077 ; count[1]         ; state.ST4        ; clk_50M      ; clk_50M     ; 0.000        ; 0.427      ; 1.661      ;
; 1.078 ; bit_counter[2]   ; bit_counter[3]   ; clk_50M      ; clk_50M     ; 0.000        ; 0.061      ; 1.296      ;
; 1.080 ; count[1]         ; count[3]         ; clk_50M      ; clk_50M     ; 0.000        ; 0.060      ; 1.297      ;
; 1.082 ; bit_counter[1]   ; bit_counter[3]   ; clk_50M      ; clk_50M     ; 0.000        ; 0.061      ; 1.300      ;
; 1.088 ; count[5]         ; count[2]         ; clk_50M      ; clk_50M     ; 0.000        ; 0.062      ; 1.307      ;
; 1.099 ; count[6]         ; state.ST4        ; clk_50M      ; clk_50M     ; 0.000        ; 0.428      ; 1.684      ;
; 1.100 ; count[10]        ; count[1]         ; clk_50M      ; clk_50M     ; 0.000        ; 0.062      ; 1.319      ;
; 1.101 ; count[10]        ; count[2]         ; clk_50M      ; clk_50M     ; 0.000        ; 0.062      ; 1.320      ;
; 1.105 ; count[10]        ; count[0]         ; clk_50M      ; clk_50M     ; 0.000        ; 0.062      ; 1.324      ;
+-------+------------------+------------------+--------------+-------------+--------------+------------+------------+


-----------------------------------------------
; Slow 1200mV 85C Model Metastability Summary ;
-----------------------------------------------
No synchronizer chains to report.


+-----------------------------------------------------------------------------------------------------------+
; Slow 1200mV 0C Model Fmax Summary                                                                         ;
+------------+-----------------+------------+---------------------------------------------------------------+
; Fmax       ; Restricted Fmax ; Clock Name ; Note                                                          ;
+------------+-----------------+------------+---------------------------------------------------------------+
; 283.69 MHz ; 250.0 MHz       ; clk_50M    ; limit due to minimum period restriction (max I/O toggle rate) ;
+------------+-----------------+------------+---------------------------------------------------------------+
This panel reports FMAX for every clock in the design, regardless of the user-specified clock periods.  FMAX is only computed for paths where the source and destination registers or ports are driven by the same clock.  Paths of different clocks, including generated clocks, are ignored.  For paths between a clock and its inversion, FMAX is computed as if the rising and falling edges are scaled along with FMAX, such that the duty cycle (in terms of a percentage) is maintained. Altera recommends that you always use clock constraints and other slack reports for sign-off analysis.


+------------------------------------+
; Slow 1200mV 0C Model Setup Summary ;
+---------+--------+-----------------+
; Clock   ; Slack  ; End Point TNS   ;
+---------+--------+-----------------+
; clk_50M ; -2.525 ; -73.248         ;
+---------+--------+-----------------+


+-----------------------------------+
; Slow 1200mV 0C Model Hold Summary ;
+---------+-------+-----------------+
; Clock   ; Slack ; End Point TNS   ;
+---------+-------+-----------------+
; clk_50M ; 0.300 ; 0.000           ;
+---------+-------+-----------------+


-----------------------------------------
; Slow 1200mV 0C Model Recovery Summary ;
-----------------------------------------
No paths to report.


----------------------------------------
; Slow 1200mV 0C Model Removal Summary ;
----------------------------------------
No paths to report.


+--------------------------------------------------+
; Slow 1200mV 0C Model Minimum Pulse Width Summary ;
+---------+--------+-------------------------------+
; Clock   ; Slack  ; End Point TNS                 ;
+---------+--------+-------------------------------+
; clk_50M ; -3.000 ; -50.000                       ;
+---------+--------+-------------------------------+


+---------------------------------------------------------------------------------------------------------+
; Slow 1200mV 0C Model Setup: 'clk_50M'                                                                   ;
+--------+------------+-------------+--------------+-------------+--------------+------------+------------+
; Slack  ; From Node  ; To Node     ; Launch Clock ; Latch Clock ; Relationship ; Clock Skew ; Data Delay ;
+--------+------------+-------------+--------------+-------------+--------------+------------+------------+
; -2.525 ; counter[1] ; counter[4]  ; clk_50M      ; clk_50M     ; 1.000        ; -0.054     ; 3.466      ;
; -2.501 ; counter[1] ; counter[0]  ; clk_50M      ; clk_50M     ; 1.000        ; -0.054     ; 3.442      ;
; -2.467 ; counter[1] ; counter[5]  ; clk_50M      ; clk_50M     ; 1.000        ; -0.054     ; 3.408      ;
; -2.455 ; counter[7] ; counter[4]  ; clk_50M      ; clk_50M     ; 1.000        ; -0.382     ; 3.068      ;
; -2.443 ; counter[0] ; counter[4]  ; clk_50M      ; clk_50M     ; 1.000        ; -0.054     ; 3.384      ;
; -2.437 ; counter[1] ; state.ST2   ; clk_50M      ; clk_50M     ; 1.000        ; 0.260      ; 3.692      ;
; -2.435 ; counter[1] ; state.ST3   ; clk_50M      ; clk_50M     ; 1.000        ; 0.260      ; 3.690      ;
; -2.431 ; counter[7] ; counter[0]  ; clk_50M      ; clk_50M     ; 1.000        ; -0.382     ; 3.044      ;
; -2.419 ; counter[0] ; counter[0]  ; clk_50M      ; clk_50M     ; 1.000        ; -0.054     ; 3.360      ;
; -2.397 ; counter[7] ; counter[5]  ; clk_50M      ; clk_50M     ; 1.000        ; -0.382     ; 3.010      ;
; -2.385 ; counter[0] ; counter[5]  ; clk_50M      ; clk_50M     ; 1.000        ; -0.054     ; 3.326      ;
; -2.374 ; counter[1] ; state.IDLE  ; clk_50M      ; clk_50M     ; 1.000        ; 0.260      ; 3.629      ;
; -2.373 ; counter[1] ; state.ST4   ; clk_50M      ; clk_50M     ; 1.000        ; 0.260      ; 3.628      ;
; -2.367 ; counter[7] ; state.ST2   ; clk_50M      ; clk_50M     ; 1.000        ; -0.068     ; 3.294      ;
; -2.365 ; counter[7] ; state.ST3   ; clk_50M      ; clk_50M     ; 1.000        ; -0.068     ; 3.292      ;
; -2.364 ; counter[1] ; state.ST1   ; clk_50M      ; clk_50M     ; 1.000        ; 0.260      ; 3.619      ;
; -2.355 ; counter[0] ; state.ST2   ; clk_50M      ; clk_50M     ; 1.000        ; 0.260      ; 3.610      ;
; -2.353 ; counter[0] ; state.ST3   ; clk_50M      ; clk_50M     ; 1.000        ; 0.260      ; 3.608      ;
; -2.333 ; counter[3] ; counter[4]  ; clk_50M      ; clk_50M     ; 1.000        ; -0.054     ; 3.274      ;
; -2.309 ; counter[3] ; counter[0]  ; clk_50M      ; clk_50M     ; 1.000        ; -0.054     ; 3.250      ;
; -2.308 ; counter[4] ; counter[4]  ; clk_50M      ; clk_50M     ; 1.000        ; -0.054     ; 3.249      ;
; -2.304 ; counter[7] ; state.IDLE  ; clk_50M      ; clk_50M     ; 1.000        ; -0.068     ; 3.231      ;
; -2.303 ; counter[7] ; state.ST4   ; clk_50M      ; clk_50M     ; 1.000        ; -0.068     ; 3.230      ;
; -2.301 ; counter[5] ; counter[4]  ; clk_50M      ; clk_50M     ; 1.000        ; -0.054     ; 3.242      ;
; -2.294 ; counter[7] ; state.ST1   ; clk_50M      ; clk_50M     ; 1.000        ; -0.068     ; 3.221      ;
; -2.292 ; counter[0] ; state.IDLE  ; clk_50M      ; clk_50M     ; 1.000        ; 0.260      ; 3.547      ;
; -2.291 ; counter[0] ; state.ST4   ; clk_50M      ; clk_50M     ; 1.000        ; 0.260      ; 3.546      ;
; -2.284 ; counter[4] ; counter[0]  ; clk_50M      ; clk_50M     ; 1.000        ; -0.054     ; 3.225      ;
; -2.282 ; counter[0] ; state.ST1   ; clk_50M      ; clk_50M     ; 1.000        ; 0.260      ; 3.537      ;
; -2.277 ; counter[5] ; counter[0]  ; clk_50M      ; clk_50M     ; 1.000        ; -0.054     ; 3.218      ;
; -2.275 ; counter[3] ; counter[5]  ; clk_50M      ; clk_50M     ; 1.000        ; -0.054     ; 3.216      ;
; -2.248 ; counter[4] ; counter[5]  ; clk_50M      ; clk_50M     ; 1.000        ; -0.054     ; 3.189      ;
; -2.245 ; counter[3] ; state.ST2   ; clk_50M      ; clk_50M     ; 1.000        ; 0.260      ; 3.500      ;
; -2.243 ; counter[5] ; counter[5]  ; clk_50M      ; clk_50M     ; 1.000        ; -0.054     ; 3.184      ;
; -2.243 ; counter[3] ; state.ST3   ; clk_50M      ; clk_50M     ; 1.000        ; 0.260      ; 3.498      ;
; -2.229 ; counter[2] ; counter[4]  ; clk_50M      ; clk_50M     ; 1.000        ; -0.055     ; 3.169      ;
; -2.227 ; counter[8] ; counter[4]  ; clk_50M      ; clk_50M     ; 1.000        ; -0.382     ; 2.840      ;
; -2.217 ; counter[6] ; counter[4]  ; clk_50M      ; clk_50M     ; 1.000        ; -0.054     ; 3.158      ;
; -2.213 ; counter[5] ; state.ST2   ; clk_50M      ; clk_50M     ; 1.000        ; 0.260      ; 3.468      ;
; -2.212 ; counter[1] ; counter[1]  ; clk_50M      ; clk_50M     ; 1.000        ; -0.054     ; 3.153      ;
; -2.211 ; counter[1] ; counter[7]  ; clk_50M      ; clk_50M     ; 1.000        ; 0.261      ; 3.467      ;
; -2.211 ; counter[5] ; state.ST3   ; clk_50M      ; clk_50M     ; 1.000        ; 0.260      ; 3.466      ;
; -2.205 ; counter[2] ; counter[0]  ; clk_50M      ; clk_50M     ; 1.000        ; -0.055     ; 3.145      ;
; -2.203 ; counter[8] ; counter[0]  ; clk_50M      ; clk_50M     ; 1.000        ; -0.382     ; 2.816      ;
; -2.197 ; counter[4] ; state.ST2   ; clk_50M      ; clk_50M     ; 1.000        ; 0.260      ; 3.452      ;
; -2.196 ; counter[4] ; state.ST3   ; clk_50M      ; clk_50M     ; 1.000        ; 0.260      ; 3.451      ;
; -2.193 ; counter[6] ; counter[0]  ; clk_50M      ; clk_50M     ; 1.000        ; -0.054     ; 3.134      ;
; -2.189 ; counter[1] ; counter[8]  ; clk_50M      ; clk_50M     ; 1.000        ; 0.261      ; 3.445      ;
; -2.182 ; counter[3] ; state.IDLE  ; clk_50M      ; clk_50M     ; 1.000        ; 0.260      ; 3.437      ;
; -2.181 ; counter[3] ; state.ST4   ; clk_50M      ; clk_50M     ; 1.000        ; 0.260      ; 3.436      ;
; -2.172 ; counter[3] ; state.ST1   ; clk_50M      ; clk_50M     ; 1.000        ; 0.260      ; 3.427      ;
; -2.171 ; counter[2] ; counter[5]  ; clk_50M      ; clk_50M     ; 1.000        ; -0.055     ; 3.111      ;
; -2.167 ; counter[8] ; counter[5]  ; clk_50M      ; clk_50M     ; 1.000        ; -0.382     ; 2.780      ;
; -2.157 ; counter[6] ; counter[5]  ; clk_50M      ; clk_50M     ; 1.000        ; -0.054     ; 3.098      ;
; -2.150 ; counter[5] ; state.IDLE  ; clk_50M      ; clk_50M     ; 1.000        ; 0.260      ; 3.405      ;
; -2.149 ; counter[5] ; state.ST4   ; clk_50M      ; clk_50M     ; 1.000        ; 0.260      ; 3.404      ;
; -2.142 ; counter[7] ; counter[1]  ; clk_50M      ; clk_50M     ; 1.000        ; -0.382     ; 2.755      ;
; -2.141 ; counter[2] ; state.ST2   ; clk_50M      ; clk_50M     ; 1.000        ; 0.259      ; 3.395      ;
; -2.141 ; counter[7] ; counter[7]  ; clk_50M      ; clk_50M     ; 1.000        ; -0.067     ; 3.069      ;
; -2.140 ; counter[5] ; state.ST1   ; clk_50M      ; clk_50M     ; 1.000        ; 0.260      ; 3.395      ;
; -2.139 ; counter[2] ; state.ST3   ; clk_50M      ; clk_50M     ; 1.000        ; 0.259      ; 3.393      ;
; -2.135 ; counter[8] ; state.ST2   ; clk_50M      ; clk_50M     ; 1.000        ; -0.068     ; 3.062      ;
; -2.133 ; counter[8] ; state.ST3   ; clk_50M      ; clk_50M     ; 1.000        ; -0.068     ; 3.060      ;
; -2.131 ; counter[4] ; state.ST1   ; clk_50M      ; clk_50M     ; 1.000        ; 0.260      ; 3.386      ;
; -2.130 ; counter[0] ; counter[1]  ; clk_50M      ; clk_50M     ; 1.000        ; -0.054     ; 3.071      ;
; -2.129 ; counter[4] ; state.ST4   ; clk_50M      ; clk_50M     ; 1.000        ; 0.260      ; 3.384      ;
; -2.129 ; counter[0] ; counter[7]  ; clk_50M      ; clk_50M     ; 1.000        ; 0.261      ; 3.385      ;
; -2.128 ; counter[4] ; state.IDLE  ; clk_50M      ; clk_50M     ; 1.000        ; 0.260      ; 3.383      ;
; -2.119 ; counter[7] ; counter[8]  ; clk_50M      ; clk_50M     ; 1.000        ; -0.067     ; 3.047      ;
; -2.107 ; counter[0] ; counter[8]  ; clk_50M      ; clk_50M     ; 1.000        ; 0.261      ; 3.363      ;
; -2.106 ; counter[6] ; state.ST2   ; clk_50M      ; clk_50M     ; 1.000        ; 0.260      ; 3.361      ;
; -2.105 ; counter[6] ; state.ST3   ; clk_50M      ; clk_50M     ; 1.000        ; 0.260      ; 3.360      ;
; -2.078 ; counter[2] ; state.IDLE  ; clk_50M      ; clk_50M     ; 1.000        ; 0.259      ; 3.332      ;
; -2.077 ; counter[2] ; state.ST4   ; clk_50M      ; clk_50M     ; 1.000        ; 0.259      ; 3.331      ;
; -2.072 ; counter[8] ; state.IDLE  ; clk_50M      ; clk_50M     ; 1.000        ; -0.068     ; 2.999      ;
; -2.071 ; counter[8] ; state.ST4   ; clk_50M      ; clk_50M     ; 1.000        ; -0.068     ; 2.998      ;
; -2.068 ; counter[2] ; state.ST1   ; clk_50M      ; clk_50M     ; 1.000        ; 0.259      ; 3.322      ;
; -2.062 ; counter[8] ; state.ST1   ; clk_50M      ; clk_50M     ; 1.000        ; -0.068     ; 2.989      ;
; -2.040 ; counter[6] ; state.ST1   ; clk_50M      ; clk_50M     ; 1.000        ; 0.260      ; 3.295      ;
; -2.038 ; counter[6] ; state.ST4   ; clk_50M      ; clk_50M     ; 1.000        ; 0.260      ; 3.293      ;
; -2.037 ; counter[6] ; state.IDLE  ; clk_50M      ; clk_50M     ; 1.000        ; 0.260      ; 3.292      ;
; -2.020 ; counter[3] ; counter[1]  ; clk_50M      ; clk_50M     ; 1.000        ; -0.054     ; 2.961      ;
; -2.019 ; counter[3] ; counter[7]  ; clk_50M      ; clk_50M     ; 1.000        ; 0.261      ; 3.275      ;
; -1.997 ; counter[3] ; counter[8]  ; clk_50M      ; clk_50M     ; 1.000        ; 0.261      ; 3.253      ;
; -1.995 ; counter[4] ; counter[1]  ; clk_50M      ; clk_50M     ; 1.000        ; -0.054     ; 2.936      ;
; -1.994 ; counter[4] ; counter[7]  ; clk_50M      ; clk_50M     ; 1.000        ; 0.261      ; 3.250      ;
; -1.992 ; counter[2] ; register[7] ; clk_50M      ; clk_50M     ; 1.000        ; -0.055     ; 2.932      ;
; -1.992 ; counter[2] ; register[6] ; clk_50M      ; clk_50M     ; 1.000        ; -0.055     ; 2.932      ;
; -1.992 ; counter[2] ; register[5] ; clk_50M      ; clk_50M     ; 1.000        ; -0.055     ; 2.932      ;
; -1.992 ; counter[2] ; register[4] ; clk_50M      ; clk_50M     ; 1.000        ; -0.055     ; 2.932      ;
; -1.992 ; counter[2] ; register[3] ; clk_50M      ; clk_50M     ; 1.000        ; -0.055     ; 2.932      ;
; -1.992 ; counter[2] ; register[2] ; clk_50M      ; clk_50M     ; 1.000        ; -0.055     ; 2.932      ;
; -1.992 ; counter[2] ; register[1] ; clk_50M      ; clk_50M     ; 1.000        ; -0.055     ; 2.932      ;
; -1.992 ; counter[2] ; register[0] ; clk_50M      ; clk_50M     ; 1.000        ; -0.055     ; 2.932      ;
; -1.988 ; counter[5] ; counter[1]  ; clk_50M      ; clk_50M     ; 1.000        ; -0.054     ; 2.929      ;
; -1.987 ; counter[5] ; counter[7]  ; clk_50M      ; clk_50M     ; 1.000        ; 0.261      ; 3.243      ;
; -1.966 ; counter[4] ; counter[8]  ; clk_50M      ; clk_50M     ; 1.000        ; 0.261      ; 3.222      ;
; -1.965 ; counter[5] ; counter[8]  ; clk_50M      ; clk_50M     ; 1.000        ; 0.261      ; 3.221      ;
; -1.938 ; counter[7] ; register[7] ; clk_50M      ; clk_50M     ; 1.000        ; -0.382     ; 2.551      ;
; -1.938 ; counter[7] ; register[6] ; clk_50M      ; clk_50M     ; 1.000        ; -0.382     ; 2.551      ;
+--------+------------+-------------+--------------+-------------+--------------+------------+------------+


+-------------------------------------------------------------------------------------------------------------------+
; Slow 1200mV 0C Model Hold: 'clk_50M'                                                                              ;
+-------+------------------+------------------+--------------+-------------+--------------+------------+------------+
; Slack ; From Node        ; To Node          ; Launch Clock ; Latch Clock ; Relationship ; Clock Skew ; Data Delay ;
+-------+------------------+------------------+--------------+-------------+--------------+------------+------------+
; 0.300 ; rx_complete~reg0 ; rx_complete~reg0 ; clk_50M      ; clk_50M     ; 0.000        ; 0.067      ; 0.511      ;
; 0.300 ; state.ST3        ; state.ST3        ; clk_50M      ; clk_50M     ; 0.000        ; 0.067      ; 0.511      ;
; 0.300 ; state.ST2        ; state.ST2        ; clk_50M      ; clk_50M     ; 0.000        ; 0.067      ; 0.511      ;
; 0.300 ; state.ST1        ; state.ST1        ; clk_50M      ; clk_50M     ; 0.000        ; 0.067      ; 0.511      ;
; 0.300 ; state.IDLE       ; state.IDLE       ; clk_50M      ; clk_50M     ; 0.000        ; 0.067      ; 0.511      ;
; 0.308 ; state.ST4        ; state.ST4        ; clk_50M      ; clk_50M     ; 0.000        ; 0.067      ; 0.519      ;
; 0.313 ; bit_counter[3]   ; bit_counter[3]   ; clk_50M      ; clk_50M     ; 0.000        ; 0.054      ; 0.511      ;
; 0.313 ; bit_counter[1]   ; bit_counter[1]   ; clk_50M      ; clk_50M     ; 0.000        ; 0.054      ; 0.511      ;
; 0.313 ; bit_counter[2]   ; bit_counter[2]   ; clk_50M      ; clk_50M     ; 0.000        ; 0.054      ; 0.511      ;
; 0.313 ; bit_counter[0]   ; bit_counter[0]   ; clk_50M      ; clk_50M     ; 0.000        ; 0.054      ; 0.511      ;
; 0.337 ; count[10]        ; count[10]        ; clk_50M      ; clk_50M     ; 0.000        ; 0.054      ; 0.535      ;
; 0.345 ; state.IDLE       ; rx_complete~reg0 ; clk_50M      ; clk_50M     ; 0.000        ; 0.067      ; 0.556      ;
; 0.357 ; register[5]      ; register[6]      ; clk_50M      ; clk_50M     ; 0.000        ; 0.055      ; 0.556      ;
; 0.357 ; register[0]      ; register[1]      ; clk_50M      ; clk_50M     ; 0.000        ; 0.055      ; 0.556      ;
; 0.358 ; register[6]      ; register[7]      ; clk_50M      ; clk_50M     ; 0.000        ; 0.055      ; 0.557      ;
; 0.450 ; register[3]      ; register[4]      ; clk_50M      ; clk_50M     ; 0.000        ; 0.055      ; 0.649      ;
; 0.451 ; register[4]      ; register[5]      ; clk_50M      ; clk_50M     ; 0.000        ; 0.055      ; 0.650      ;
; 0.502 ; count[9]         ; count[9]         ; clk_50M      ; clk_50M     ; 0.000        ; 0.054      ; 0.700      ;
; 0.504 ; count[5]         ; count[5]         ; clk_50M      ; clk_50M     ; 0.000        ; 0.054      ; 0.702      ;
; 0.506 ; count[8]         ; count[8]         ; clk_50M      ; clk_50M     ; 0.000        ; 0.054      ; 0.704      ;
; 0.513 ; register[1]      ; register[2]      ; clk_50M      ; clk_50M     ; 0.000        ; 0.055      ; 0.712      ;
; 0.513 ; count[3]         ; count[3]         ; clk_50M      ; clk_50M     ; 0.000        ; 0.054      ; 0.711      ;
; 0.514 ; register[2]      ; register[3]      ; clk_50M      ; clk_50M     ; 0.000        ; 0.055      ; 0.713      ;
; 0.515 ; bit_counter[0]   ; bit_counter[1]   ; clk_50M      ; clk_50M     ; 0.000        ; 0.054      ; 0.713      ;
; 0.523 ; state.ST4        ; rx_complete~reg0 ; clk_50M      ; clk_50M     ; 0.000        ; 0.067      ; 0.734      ;
; 0.537 ; state.ST4        ; state.IDLE       ; clk_50M      ; clk_50M     ; 0.000        ; 0.067      ; 0.748      ;
; 0.538 ; state.ST4        ; state.ST1        ; clk_50M      ; clk_50M     ; 0.000        ; 0.067      ; 0.749      ;
; 0.541 ; state.ST4        ; state.ST2        ; clk_50M      ; clk_50M     ; 0.000        ; 0.067      ; 0.752      ;
; 0.629 ; count[6]         ; count[6]         ; clk_50M      ; clk_50M     ; 0.000        ; 0.054      ; 0.827      ;
; 0.635 ; count[6]         ; count[7]         ; clk_50M      ; clk_50M     ; 0.000        ; 0.054      ; 0.833      ;
; 0.670 ; state.ST4        ; state.ST3        ; clk_50M      ; clk_50M     ; 0.000        ; 0.067      ; 0.881      ;
; 0.701 ; register[7]      ; rx_msg[7]~reg0   ; clk_50M      ; clk_50M     ; 0.000        ; 0.063      ; 0.908      ;
; 0.719 ; register[1]      ; rx_msg[1]~reg0   ; clk_50M      ; clk_50M     ; 0.000        ; 0.063      ; 0.926      ;
; 0.723 ; register[3]      ; rx_msg[3]~reg0   ; clk_50M      ; clk_50M     ; 0.000        ; 0.063      ; 0.930      ;
; 0.723 ; state.ST1        ; counter[7]       ; clk_50M      ; clk_50M     ; 0.000        ; 0.068      ; 0.935      ;
; 0.726 ; register[6]      ; rx_msg[6]~reg0   ; clk_50M      ; clk_50M     ; 0.000        ; 0.063      ; 0.933      ;
; 0.734 ; register[5]      ; rx_msg[5]~reg0   ; clk_50M      ; clk_50M     ; 0.000        ; 0.063      ; 0.941      ;
; 0.738 ; register[4]      ; rx_msg[4]~reg0   ; clk_50M      ; clk_50M     ; 0.000        ; 0.063      ; 0.945      ;
; 0.739 ; register[0]      ; rx_msg[0]~reg0   ; clk_50M      ; clk_50M     ; 0.000        ; 0.063      ; 0.946      ;
; 0.744 ; count[5]         ; count[6]         ; clk_50M      ; clk_50M     ; 0.000        ; 0.054      ; 0.942      ;
; 0.746 ; count[9]         ; count[10]        ; clk_50M      ; clk_50M     ; 0.000        ; 0.054      ; 0.944      ;
; 0.748 ; count[7]         ; count[8]         ; clk_50M      ; clk_50M     ; 0.000        ; 0.054      ; 0.946      ;
; 0.751 ; count[5]         ; count[7]         ; clk_50M      ; clk_50M     ; 0.000        ; 0.054      ; 0.949      ;
; 0.753 ; count[4]         ; count[5]         ; clk_50M      ; clk_50M     ; 0.000        ; 0.054      ; 0.951      ;
; 0.755 ; count[8]         ; count[9]         ; clk_50M      ; clk_50M     ; 0.000        ; 0.054      ; 0.953      ;
; 0.759 ; state.ST1        ; counter[8]       ; clk_50M      ; clk_50M     ; 0.000        ; 0.068      ; 0.971      ;
; 0.762 ; count[8]         ; count[10]        ; clk_50M      ; clk_50M     ; 0.000        ; 0.054      ; 0.960      ;
; 0.763 ; count[6]         ; count[8]         ; clk_50M      ; clk_50M     ; 0.000        ; 0.054      ; 0.961      ;
; 0.772 ; count[4]         ; count[4]         ; clk_50M      ; clk_50M     ; 0.000        ; 0.054      ; 0.970      ;
; 0.790 ; count[4]         ; count[6]         ; clk_50M      ; clk_50M     ; 0.000        ; 0.054      ; 0.988      ;
; 0.792 ; count[7]         ; count[6]         ; clk_50M      ; clk_50M     ; 0.000        ; 0.054      ; 0.990      ;
; 0.796 ; count[4]         ; count[7]         ; clk_50M      ; clk_50M     ; 0.000        ; 0.054      ; 0.994      ;
; 0.798 ; count[7]         ; count[7]         ; clk_50M      ; clk_50M     ; 0.000        ; 0.054      ; 0.996      ;
; 0.824 ; count[3]         ; count[0]         ; clk_50M      ; clk_50M     ; 0.000        ; 0.054      ; 1.022      ;
; 0.827 ; count[3]         ; count[1]         ; clk_50M      ; clk_50M     ; 0.000        ; 0.054      ; 1.025      ;
; 0.828 ; register[2]      ; rx_msg[2]~reg0   ; clk_50M      ; clk_50M     ; 0.000        ; 0.063      ; 1.035      ;
; 0.837 ; count[7]         ; count[9]         ; clk_50M      ; clk_50M     ; 0.000        ; 0.054      ; 1.035      ;
; 0.841 ; count[6]         ; count[4]         ; clk_50M      ; clk_50M     ; 0.000        ; 0.054      ; 1.039      ;
; 0.844 ; count[7]         ; count[10]        ; clk_50M      ; clk_50M     ; 0.000        ; 0.054      ; 1.042      ;
; 0.845 ; count[5]         ; count[8]         ; clk_50M      ; clk_50M     ; 0.000        ; 0.054      ; 1.043      ;
; 0.846 ; count[3]         ; count[5]         ; clk_50M      ; clk_50M     ; 0.000        ; 0.054      ; 1.044      ;
; 0.852 ; count[6]         ; count[9]         ; clk_50M      ; clk_50M     ; 0.000        ; 0.054      ; 1.050      ;
; 0.854 ; state.ST1        ; counter[6]       ; clk_50M      ; clk_50M     ; 0.000        ; -0.260     ; 0.738      ;
; 0.856 ; count[4]         ; count[8]         ; clk_50M      ; clk_50M     ; 0.000        ; 0.054      ; 1.054      ;
; 0.859 ; count[6]         ; count[10]        ; clk_50M      ; clk_50M     ; 0.000        ; 0.054      ; 1.057      ;
; 0.861 ; count[10]        ; count[7]         ; clk_50M      ; clk_50M     ; 0.000        ; 0.054      ; 1.059      ;
; 0.861 ; count[10]        ; count[4]         ; clk_50M      ; clk_50M     ; 0.000        ; 0.054      ; 1.059      ;
; 0.864 ; count[2]         ; count[0]         ; clk_50M      ; clk_50M     ; 0.000        ; 0.054      ; 1.062      ;
; 0.864 ; count[2]         ; count[1]         ; clk_50M      ; clk_50M     ; 0.000        ; 0.054      ; 1.062      ;
; 0.866 ; count[10]        ; count[6]         ; clk_50M      ; clk_50M     ; 0.000        ; 0.054      ; 1.064      ;
; 0.874 ; bit_counter[0]   ; bit_counter[2]   ; clk_50M      ; clk_50M     ; 0.000        ; 0.054      ; 1.072      ;
; 0.875 ; count[1]         ; count[0]         ; clk_50M      ; clk_50M     ; 0.000        ; 0.054      ; 1.073      ;
; 0.875 ; count[1]         ; count[1]         ; clk_50M      ; clk_50M     ; 0.000        ; 0.054      ; 1.073      ;
; 0.879 ; bit_counter[0]   ; bit_counter[3]   ; clk_50M      ; clk_50M     ; 0.000        ; 0.054      ; 1.077      ;
; 0.882 ; count[6]         ; count[2]         ; clk_50M      ; clk_50M     ; 0.000        ; 0.054      ; 1.080      ;
; 0.897 ; count[2]         ; count[3]         ; clk_50M      ; clk_50M     ; 0.000        ; 0.054      ; 1.095      ;
; 0.912 ; counter[9]       ; counter[9]       ; clk_50M      ; clk_50M     ; 0.000        ; 0.054      ; 1.110      ;
; 0.924 ; count[0]         ; count[0]         ; clk_50M      ; clk_50M     ; 0.000        ; 0.054      ; 1.122      ;
; 0.927 ; count[0]         ; count[1]         ; clk_50M      ; clk_50M     ; 0.000        ; 0.054      ; 1.125      ;
; 0.934 ; count[5]         ; count[9]         ; clk_50M      ; clk_50M     ; 0.000        ; 0.054      ; 1.132      ;
; 0.941 ; count[5]         ; count[10]        ; clk_50M      ; clk_50M     ; 0.000        ; 0.054      ; 1.139      ;
; 0.945 ; count[3]         ; state.ST4        ; clk_50M      ; clk_50M     ; 0.000        ; 0.382      ; 1.471      ;
; 0.945 ; count[4]         ; count[9]         ; clk_50M      ; clk_50M     ; 0.000        ; 0.054      ; 1.143      ;
; 0.949 ; count[3]         ; count[8]         ; clk_50M      ; clk_50M     ; 0.000        ; 0.054      ; 1.147      ;
; 0.949 ; bit_counter[1]   ; bit_counter[2]   ; clk_50M      ; clk_50M     ; 0.000        ; 0.054      ; 1.147      ;
; 0.952 ; count[9]         ; count[7]         ; clk_50M      ; clk_50M     ; 0.000        ; 0.054      ; 1.150      ;
; 0.952 ; count[9]         ; count[4]         ; clk_50M      ; clk_50M     ; 0.000        ; 0.054      ; 1.150      ;
; 0.952 ; count[4]         ; count[10]        ; clk_50M      ; clk_50M     ; 0.000        ; 0.054      ; 1.150      ;
; 0.956 ; count[5]         ; count[4]         ; clk_50M      ; clk_50M     ; 0.000        ; 0.054      ; 1.154      ;
; 0.957 ; count[9]         ; count[6]         ; clk_50M      ; clk_50M     ; 0.000        ; 0.054      ; 1.155      ;
; 0.967 ; count[1]         ; count[3]         ; clk_50M      ; clk_50M     ; 0.000        ; 0.054      ; 1.165      ;
; 0.970 ; bit_counter[2]   ; bit_counter[3]   ; clk_50M      ; clk_50M     ; 0.000        ; 0.054      ; 1.168      ;
; 0.971 ; bit_counter[1]   ; bit_counter[3]   ; clk_50M      ; clk_50M     ; 0.000        ; 0.054      ; 1.169      ;
; 0.974 ; count[2]         ; state.ST4        ; clk_50M      ; clk_50M     ; 0.000        ; 0.382      ; 1.500      ;
; 0.975 ; count[5]         ; count[2]         ; clk_50M      ; clk_50M     ; 0.000        ; 0.054      ; 1.173      ;
; 0.985 ; count[1]         ; state.ST4        ; clk_50M      ; clk_50M     ; 0.000        ; 0.382      ; 1.511      ;
; 0.988 ; count[10]        ; count[1]         ; clk_50M      ; clk_50M     ; 0.000        ; 0.054      ; 1.186      ;
; 0.988 ; count[10]        ; count[2]         ; clk_50M      ; clk_50M     ; 0.000        ; 0.054      ; 1.186      ;
; 0.993 ; count[10]        ; count[0]         ; clk_50M      ; clk_50M     ; 0.000        ; 0.054      ; 1.191      ;
; 0.993 ; count[2]         ; count[5]         ; clk_50M      ; clk_50M     ; 0.000        ; 0.054      ; 1.191      ;
+-------+------------------+------------------+--------------+-------------+--------------+------------+------------+


----------------------------------------------
; Slow 1200mV 0C Model Metastability Summary ;
----------------------------------------------
No synchronizer chains to report.


+------------------------------------+
; Fast 1200mV 0C Model Setup Summary ;
+---------+--------+-----------------+
; Clock   ; Slack  ; End Point TNS   ;
+---------+--------+-----------------+
; clk_50M ; -1.241 ; -28.754         ;
+---------+--------+-----------------+


+-----------------------------------+
; Fast 1200mV 0C Model Hold Summary ;
+---------+-------+-----------------+
; Clock   ; Slack ; End Point TNS   ;
+---------+-------+-----------------+
; clk_50M ; 0.179 ; 0.000           ;
+---------+-------+-----------------+


-----------------------------------------
; Fast 1200mV 0C Model Recovery Summary ;
-----------------------------------------
No paths to report.


----------------------------------------
; Fast 1200mV 0C Model Removal Summary ;
----------------------------------------
No paths to report.


+--------------------------------------------------+
; Fast 1200mV 0C Model Minimum Pulse Width Summary ;
+---------+--------+-------------------------------+
; Clock   ; Slack  ; End Point TNS                 ;
+---------+--------+-------------------------------+
; clk_50M ; -3.000 ; -52.866                       ;
+---------+--------+-------------------------------+


+---------------------------------------------------------------------------------------------------------+
; Fast 1200mV 0C Model Setup: 'clk_50M'                                                                   ;
+--------+------------+-------------+--------------+-------------+--------------+------------+------------+
; Slack  ; From Node  ; To Node     ; Launch Clock ; Latch Clock ; Relationship ; Clock Skew ; Data Delay ;
+--------+------------+-------------+--------------+-------------+--------------+------------+------------+
; -1.241 ; counter[1] ; counter[4]  ; clk_50M      ; clk_50M     ; 1.000        ; -0.035     ; 2.193      ;
; -1.216 ; counter[1] ; counter[0]  ; clk_50M      ; clk_50M     ; 1.000        ; -0.035     ; 2.168      ;
; -1.200 ; counter[1] ; counter[5]  ; clk_50M      ; clk_50M     ; 1.000        ; -0.035     ; 2.152      ;
; -1.186 ; counter[0] ; counter[4]  ; clk_50M      ; clk_50M     ; 1.000        ; -0.035     ; 2.138      ;
; -1.161 ; counter[1] ; state.ST3   ; clk_50M      ; clk_50M     ; 1.000        ; 0.153      ; 2.301      ;
; -1.161 ; counter[0] ; counter[0]  ; clk_50M      ; clk_50M     ; 1.000        ; -0.035     ; 2.113      ;
; -1.160 ; counter[1] ; state.ST2   ; clk_50M      ; clk_50M     ; 1.000        ; 0.153      ; 2.300      ;
; -1.145 ; counter[0] ; counter[5]  ; clk_50M      ; clk_50M     ; 1.000        ; -0.035     ; 2.097      ;
; -1.142 ; counter[7] ; counter[4]  ; clk_50M      ; clk_50M     ; 1.000        ; -0.233     ; 1.896      ;
; -1.126 ; counter[1] ; state.IDLE  ; clk_50M      ; clk_50M     ; 1.000        ; 0.153      ; 2.266      ;
; -1.126 ; counter[1] ; state.ST4   ; clk_50M      ; clk_50M     ; 1.000        ; 0.153      ; 2.266      ;
; -1.117 ; counter[7] ; counter[0]  ; clk_50M      ; clk_50M     ; 1.000        ; -0.233     ; 1.871      ;
; -1.115 ; counter[1] ; state.ST1   ; clk_50M      ; clk_50M     ; 1.000        ; 0.153      ; 2.255      ;
; -1.108 ; counter[4] ; counter[4]  ; clk_50M      ; clk_50M     ; 1.000        ; -0.035     ; 2.060      ;
; -1.106 ; counter[0] ; state.ST3   ; clk_50M      ; clk_50M     ; 1.000        ; 0.153      ; 2.246      ;
; -1.105 ; counter[0] ; state.ST2   ; clk_50M      ; clk_50M     ; 1.000        ; 0.153      ; 2.245      ;
; -1.101 ; counter[7] ; counter[5]  ; clk_50M      ; clk_50M     ; 1.000        ; -0.233     ; 1.855      ;
; -1.092 ; counter[5] ; counter[4]  ; clk_50M      ; clk_50M     ; 1.000        ; -0.035     ; 2.044      ;
; -1.083 ; counter[3] ; counter[4]  ; clk_50M      ; clk_50M     ; 1.000        ; -0.035     ; 2.035      ;
; -1.083 ; counter[4] ; counter[0]  ; clk_50M      ; clk_50M     ; 1.000        ; -0.035     ; 2.035      ;
; -1.071 ; counter[0] ; state.IDLE  ; clk_50M      ; clk_50M     ; 1.000        ; 0.153      ; 2.211      ;
; -1.071 ; counter[0] ; state.ST4   ; clk_50M      ; clk_50M     ; 1.000        ; 0.153      ; 2.211      ;
; -1.067 ; counter[5] ; counter[0]  ; clk_50M      ; clk_50M     ; 1.000        ; -0.035     ; 2.019      ;
; -1.067 ; counter[4] ; counter[5]  ; clk_50M      ; clk_50M     ; 1.000        ; -0.035     ; 2.019      ;
; -1.062 ; counter[7] ; state.ST3   ; clk_50M      ; clk_50M     ; 1.000        ; -0.045     ; 2.004      ;
; -1.061 ; counter[7] ; state.ST2   ; clk_50M      ; clk_50M     ; 1.000        ; -0.045     ; 2.003      ;
; -1.060 ; counter[0] ; state.ST1   ; clk_50M      ; clk_50M     ; 1.000        ; 0.153      ; 2.200      ;
; -1.058 ; counter[3] ; counter[0]  ; clk_50M      ; clk_50M     ; 1.000        ; -0.035     ; 2.010      ;
; -1.054 ; counter[1] ; counter[7]  ; clk_50M      ; clk_50M     ; 1.000        ; 0.154      ; 2.195      ;
; -1.051 ; counter[5] ; counter[5]  ; clk_50M      ; clk_50M     ; 1.000        ; -0.035     ; 2.003      ;
; -1.047 ; counter[2] ; counter[4]  ; clk_50M      ; clk_50M     ; 1.000        ; -0.036     ; 1.998      ;
; -1.042 ; counter[3] ; counter[5]  ; clk_50M      ; clk_50M     ; 1.000        ; -0.035     ; 1.994      ;
; -1.042 ; counter[6] ; counter[4]  ; clk_50M      ; clk_50M     ; 1.000        ; -0.035     ; 1.994      ;
; -1.030 ; counter[1] ; counter[1]  ; clk_50M      ; clk_50M     ; 1.000        ; -0.035     ; 1.982      ;
; -1.028 ; counter[4] ; state.ST3   ; clk_50M      ; clk_50M     ; 1.000        ; 0.153      ; 2.168      ;
; -1.027 ; counter[1] ; counter[8]  ; clk_50M      ; clk_50M     ; 1.000        ; 0.154      ; 2.168      ;
; -1.027 ; counter[7] ; state.IDLE  ; clk_50M      ; clk_50M     ; 1.000        ; -0.045     ; 1.969      ;
; -1.027 ; counter[7] ; state.ST4   ; clk_50M      ; clk_50M     ; 1.000        ; -0.045     ; 1.969      ;
; -1.027 ; counter[4] ; state.ST2   ; clk_50M      ; clk_50M     ; 1.000        ; 0.153      ; 2.167      ;
; -1.022 ; counter[2] ; counter[0]  ; clk_50M      ; clk_50M     ; 1.000        ; -0.036     ; 1.973      ;
; -1.017 ; counter[6] ; counter[0]  ; clk_50M      ; clk_50M     ; 1.000        ; -0.035     ; 1.969      ;
; -1.016 ; counter[7] ; state.ST1   ; clk_50M      ; clk_50M     ; 1.000        ; -0.045     ; 1.958      ;
; -1.012 ; counter[5] ; state.ST3   ; clk_50M      ; clk_50M     ; 1.000        ; 0.153      ; 2.152      ;
; -1.011 ; counter[5] ; state.ST2   ; clk_50M      ; clk_50M     ; 1.000        ; 0.153      ; 2.151      ;
; -1.006 ; counter[2] ; counter[5]  ; clk_50M      ; clk_50M     ; 1.000        ; -0.036     ; 1.957      ;
; -1.003 ; counter[3] ; state.ST3   ; clk_50M      ; clk_50M     ; 1.000        ; 0.153      ; 2.143      ;
; -1.002 ; counter[3] ; state.ST2   ; clk_50M      ; clk_50M     ; 1.000        ; 0.153      ; 2.142      ;
; -1.001 ; counter[6] ; counter[5]  ; clk_50M      ; clk_50M     ; 1.000        ; -0.035     ; 1.953      ;
; -0.999 ; counter[0] ; counter[7]  ; clk_50M      ; clk_50M     ; 1.000        ; 0.154      ; 2.140      ;
; -0.993 ; counter[4] ; state.IDLE  ; clk_50M      ; clk_50M     ; 1.000        ; 0.153      ; 2.133      ;
; -0.993 ; counter[4] ; state.ST4   ; clk_50M      ; clk_50M     ; 1.000        ; 0.153      ; 2.133      ;
; -0.987 ; counter[8] ; counter[4]  ; clk_50M      ; clk_50M     ; 1.000        ; -0.233     ; 1.741      ;
; -0.982 ; counter[4] ; state.ST1   ; clk_50M      ; clk_50M     ; 1.000        ; 0.153      ; 2.122      ;
; -0.977 ; counter[5] ; state.IDLE  ; clk_50M      ; clk_50M     ; 1.000        ; 0.153      ; 2.117      ;
; -0.977 ; counter[5] ; state.ST4   ; clk_50M      ; clk_50M     ; 1.000        ; 0.153      ; 2.117      ;
; -0.975 ; counter[0] ; counter[1]  ; clk_50M      ; clk_50M     ; 1.000        ; -0.035     ; 1.927      ;
; -0.972 ; counter[0] ; counter[8]  ; clk_50M      ; clk_50M     ; 1.000        ; 0.154      ; 2.113      ;
; -0.968 ; counter[3] ; state.IDLE  ; clk_50M      ; clk_50M     ; 1.000        ; 0.153      ; 2.108      ;
; -0.968 ; counter[3] ; state.ST4   ; clk_50M      ; clk_50M     ; 1.000        ; 0.153      ; 2.108      ;
; -0.967 ; counter[2] ; state.ST3   ; clk_50M      ; clk_50M     ; 1.000        ; 0.152      ; 2.106      ;
; -0.966 ; counter[2] ; state.ST2   ; clk_50M      ; clk_50M     ; 1.000        ; 0.152      ; 2.105      ;
; -0.966 ; counter[5] ; state.ST1   ; clk_50M      ; clk_50M     ; 1.000        ; 0.153      ; 2.106      ;
; -0.962 ; counter[6] ; state.ST3   ; clk_50M      ; clk_50M     ; 1.000        ; 0.153      ; 2.102      ;
; -0.962 ; counter[8] ; counter[0]  ; clk_50M      ; clk_50M     ; 1.000        ; -0.233     ; 1.716      ;
; -0.961 ; counter[6] ; state.ST2   ; clk_50M      ; clk_50M     ; 1.000        ; 0.153      ; 2.101      ;
; -0.957 ; counter[3] ; state.ST1   ; clk_50M      ; clk_50M     ; 1.000        ; 0.153      ; 2.097      ;
; -0.955 ; counter[7] ; counter[7]  ; clk_50M      ; clk_50M     ; 1.000        ; -0.044     ; 1.898      ;
; -0.946 ; counter[8] ; counter[5]  ; clk_50M      ; clk_50M     ; 1.000        ; -0.233     ; 1.700      ;
; -0.932 ; counter[2] ; state.IDLE  ; clk_50M      ; clk_50M     ; 1.000        ; 0.152      ; 2.071      ;
; -0.932 ; counter[2] ; state.ST4   ; clk_50M      ; clk_50M     ; 1.000        ; 0.152      ; 2.071      ;
; -0.931 ; counter[7] ; counter[1]  ; clk_50M      ; clk_50M     ; 1.000        ; -0.233     ; 1.685      ;
; -0.928 ; counter[7] ; counter[8]  ; clk_50M      ; clk_50M     ; 1.000        ; -0.044     ; 1.871      ;
; -0.927 ; counter[6] ; state.IDLE  ; clk_50M      ; clk_50M     ; 1.000        ; 0.153      ; 2.067      ;
; -0.927 ; counter[6] ; state.ST4   ; clk_50M      ; clk_50M     ; 1.000        ; 0.153      ; 2.067      ;
; -0.921 ; counter[2] ; state.ST1   ; clk_50M      ; clk_50M     ; 1.000        ; 0.152      ; 2.060      ;
; -0.921 ; counter[4] ; counter[7]  ; clk_50M      ; clk_50M     ; 1.000        ; 0.154      ; 2.062      ;
; -0.916 ; counter[6] ; state.ST1   ; clk_50M      ; clk_50M     ; 1.000        ; 0.153      ; 2.056      ;
; -0.907 ; counter[8] ; state.ST3   ; clk_50M      ; clk_50M     ; 1.000        ; -0.045     ; 1.849      ;
; -0.906 ; counter[8] ; state.ST2   ; clk_50M      ; clk_50M     ; 1.000        ; -0.045     ; 1.848      ;
; -0.905 ; counter[5] ; counter[7]  ; clk_50M      ; clk_50M     ; 1.000        ; 0.154      ; 2.046      ;
; -0.897 ; counter[4] ; counter[1]  ; clk_50M      ; clk_50M     ; 1.000        ; -0.035     ; 1.849      ;
; -0.896 ; counter[3] ; counter[7]  ; clk_50M      ; clk_50M     ; 1.000        ; 0.154      ; 2.037      ;
; -0.894 ; counter[4] ; counter[8]  ; clk_50M      ; clk_50M     ; 1.000        ; 0.154      ; 2.035      ;
; -0.881 ; counter[5] ; counter[1]  ; clk_50M      ; clk_50M     ; 1.000        ; -0.035     ; 1.833      ;
; -0.878 ; counter[5] ; counter[8]  ; clk_50M      ; clk_50M     ; 1.000        ; 0.154      ; 2.019      ;
; -0.872 ; counter[3] ; counter[1]  ; clk_50M      ; clk_50M     ; 1.000        ; -0.035     ; 1.824      ;
; -0.872 ; counter[8] ; state.IDLE  ; clk_50M      ; clk_50M     ; 1.000        ; -0.045     ; 1.814      ;
; -0.872 ; counter[8] ; state.ST4   ; clk_50M      ; clk_50M     ; 1.000        ; -0.045     ; 1.814      ;
; -0.869 ; counter[3] ; counter[8]  ; clk_50M      ; clk_50M     ; 1.000        ; 0.154      ; 2.010      ;
; -0.861 ; counter[8] ; state.ST1   ; clk_50M      ; clk_50M     ; 1.000        ; -0.045     ; 1.803      ;
; -0.860 ; counter[2] ; counter[7]  ; clk_50M      ; clk_50M     ; 1.000        ; 0.153      ; 2.000      ;
; -0.855 ; counter[6] ; counter[7]  ; clk_50M      ; clk_50M     ; 1.000        ; 0.154      ; 1.996      ;
; -0.839 ; counter[2] ; register[7] ; clk_50M      ; clk_50M     ; 1.000        ; -0.036     ; 1.790      ;
; -0.839 ; counter[2] ; register[6] ; clk_50M      ; clk_50M     ; 1.000        ; -0.036     ; 1.790      ;
; -0.839 ; counter[2] ; register[5] ; clk_50M      ; clk_50M     ; 1.000        ; -0.036     ; 1.790      ;
; -0.839 ; counter[2] ; register[4] ; clk_50M      ; clk_50M     ; 1.000        ; -0.036     ; 1.790      ;
; -0.839 ; counter[2] ; register[3] ; clk_50M      ; clk_50M     ; 1.000        ; -0.036     ; 1.790      ;
; -0.839 ; counter[2] ; register[2] ; clk_50M      ; clk_50M     ; 1.000        ; -0.036     ; 1.790      ;
; -0.839 ; counter[2] ; register[1] ; clk_50M      ; clk_50M     ; 1.000        ; -0.036     ; 1.790      ;
; -0.839 ; counter[2] ; register[0] ; clk_50M      ; clk_50M     ; 1.000        ; -0.036     ; 1.790      ;
+--------+------------+-------------+--------------+-------------+--------------+------------+------------+


+-------------------------------------------------------------------------------------------------------------------+
; Fast 1200mV 0C Model Hold: 'clk_50M'                                                                              ;
+-------+------------------+------------------+--------------+-------------+--------------+------------+------------+
; Slack ; From Node        ; To Node          ; Launch Clock ; Latch Clock ; Relationship ; Clock Skew ; Data Delay ;
+-------+------------------+------------------+--------------+-------------+--------------+------------+------------+
; 0.179 ; rx_complete~reg0 ; rx_complete~reg0 ; clk_50M      ; clk_50M     ; 0.000        ; 0.044      ; 0.307      ;
; 0.179 ; state.ST3        ; state.ST3        ; clk_50M      ; clk_50M     ; 0.000        ; 0.044      ; 0.307      ;
; 0.179 ; state.ST2        ; state.ST2        ; clk_50M      ; clk_50M     ; 0.000        ; 0.044      ; 0.307      ;
; 0.179 ; state.ST1        ; state.ST1        ; clk_50M      ; clk_50M     ; 0.000        ; 0.044      ; 0.307      ;
; 0.179 ; state.IDLE       ; state.IDLE       ; clk_50M      ; clk_50M     ; 0.000        ; 0.044      ; 0.307      ;
; 0.186 ; state.ST4        ; state.ST4        ; clk_50M      ; clk_50M     ; 0.000        ; 0.044      ; 0.314      ;
; 0.187 ; bit_counter[3]   ; bit_counter[3]   ; clk_50M      ; clk_50M     ; 0.000        ; 0.036      ; 0.307      ;
; 0.187 ; bit_counter[1]   ; bit_counter[1]   ; clk_50M      ; clk_50M     ; 0.000        ; 0.036      ; 0.307      ;
; 0.187 ; bit_counter[2]   ; bit_counter[2]   ; clk_50M      ; clk_50M     ; 0.000        ; 0.036      ; 0.307      ;
; 0.187 ; bit_counter[0]   ; bit_counter[0]   ; clk_50M      ; clk_50M     ; 0.000        ; 0.036      ; 0.307      ;
; 0.198 ; count[10]        ; count[10]        ; clk_50M      ; clk_50M     ; 0.000        ; 0.036      ; 0.318      ;
; 0.198 ; state.IDLE       ; rx_complete~reg0 ; clk_50M      ; clk_50M     ; 0.000        ; 0.044      ; 0.326      ;
; 0.205 ; register[6]      ; register[7]      ; clk_50M      ; clk_50M     ; 0.000        ; 0.036      ; 0.325      ;
; 0.205 ; register[5]      ; register[6]      ; clk_50M      ; clk_50M     ; 0.000        ; 0.036      ; 0.325      ;
; 0.206 ; register[0]      ; register[1]      ; clk_50M      ; clk_50M     ; 0.000        ; 0.036      ; 0.326      ;
; 0.266 ; register[4]      ; register[5]      ; clk_50M      ; clk_50M     ; 0.000        ; 0.036      ; 0.386      ;
; 0.267 ; register[3]      ; register[4]      ; clk_50M      ; clk_50M     ; 0.000        ; 0.036      ; 0.387      ;
; 0.299 ; count[9]         ; count[9]         ; clk_50M      ; clk_50M     ; 0.000        ; 0.036      ; 0.419      ;
; 0.299 ; count[5]         ; count[5]         ; clk_50M      ; clk_50M     ; 0.000        ; 0.036      ; 0.419      ;
; 0.301 ; count[8]         ; count[8]         ; clk_50M      ; clk_50M     ; 0.000        ; 0.036      ; 0.421      ;
; 0.305 ; count[3]         ; count[3]         ; clk_50M      ; clk_50M     ; 0.000        ; 0.036      ; 0.425      ;
; 0.306 ; register[1]      ; register[2]      ; clk_50M      ; clk_50M     ; 0.000        ; 0.036      ; 0.426      ;
; 0.307 ; register[2]      ; register[3]      ; clk_50M      ; clk_50M     ; 0.000        ; 0.036      ; 0.427      ;
; 0.311 ; bit_counter[0]   ; bit_counter[1]   ; clk_50M      ; clk_50M     ; 0.000        ; 0.036      ; 0.431      ;
; 0.314 ; state.ST4        ; rx_complete~reg0 ; clk_50M      ; clk_50M     ; 0.000        ; 0.044      ; 0.442      ;
; 0.322 ; state.ST4        ; state.IDLE       ; clk_50M      ; clk_50M     ; 0.000        ; 0.044      ; 0.450      ;
; 0.323 ; state.ST4        ; state.ST1        ; clk_50M      ; clk_50M     ; 0.000        ; 0.044      ; 0.451      ;
; 0.325 ; state.ST4        ; state.ST2        ; clk_50M      ; clk_50M     ; 0.000        ; 0.044      ; 0.453      ;
; 0.370 ; count[6]         ; count[6]         ; clk_50M      ; clk_50M     ; 0.000        ; 0.036      ; 0.490      ;
; 0.376 ; count[6]         ; count[7]         ; clk_50M      ; clk_50M     ; 0.000        ; 0.036      ; 0.496      ;
; 0.388 ; state.ST4        ; state.ST3        ; clk_50M      ; clk_50M     ; 0.000        ; 0.044      ; 0.516      ;
; 0.406 ; register[7]      ; rx_msg[7]~reg0   ; clk_50M      ; clk_50M     ; 0.000        ; 0.044      ; 0.534      ;
; 0.419 ; register[3]      ; rx_msg[3]~reg0   ; clk_50M      ; clk_50M     ; 0.000        ; 0.044      ; 0.547      ;
; 0.422 ; register[6]      ; rx_msg[6]~reg0   ; clk_50M      ; clk_50M     ; 0.000        ; 0.044      ; 0.550      ;
; 0.422 ; register[1]      ; rx_msg[1]~reg0   ; clk_50M      ; clk_50M     ; 0.000        ; 0.044      ; 0.550      ;
; 0.426 ; register[4]      ; rx_msg[4]~reg0   ; clk_50M      ; clk_50M     ; 0.000        ; 0.044      ; 0.554      ;
; 0.427 ; register[0]      ; rx_msg[0]~reg0   ; clk_50M      ; clk_50M     ; 0.000        ; 0.044      ; 0.555      ;
; 0.428 ; register[5]      ; rx_msg[5]~reg0   ; clk_50M      ; clk_50M     ; 0.000        ; 0.044      ; 0.556      ;
; 0.434 ; state.ST1        ; counter[7]       ; clk_50M      ; clk_50M     ; 0.000        ; 0.045      ; 0.563      ;
; 0.448 ; count[9]         ; count[10]        ; clk_50M      ; clk_50M     ; 0.000        ; 0.036      ; 0.568      ;
; 0.448 ; count[5]         ; count[6]         ; clk_50M      ; clk_50M     ; 0.000        ; 0.036      ; 0.568      ;
; 0.449 ; count[7]         ; count[8]         ; clk_50M      ; clk_50M     ; 0.000        ; 0.036      ; 0.569      ;
; 0.454 ; count[4]         ; count[4]         ; clk_50M      ; clk_50M     ; 0.000        ; 0.036      ; 0.574      ;
; 0.455 ; count[5]         ; count[7]         ; clk_50M      ; clk_50M     ; 0.000        ; 0.036      ; 0.575      ;
; 0.458 ; state.ST1        ; counter[8]       ; clk_50M      ; clk_50M     ; 0.000        ; 0.045      ; 0.587      ;
; 0.459 ; count[8]         ; count[9]         ; clk_50M      ; clk_50M     ; 0.000        ; 0.036      ; 0.579      ;
; 0.459 ; count[4]         ; count[5]         ; clk_50M      ; clk_50M     ; 0.000        ; 0.036      ; 0.579      ;
; 0.462 ; count[8]         ; count[10]        ; clk_50M      ; clk_50M     ; 0.000        ; 0.036      ; 0.582      ;
; 0.463 ; count[6]         ; count[8]         ; clk_50M      ; clk_50M     ; 0.000        ; 0.036      ; 0.583      ;
; 0.476 ; count[4]         ; count[6]         ; clk_50M      ; clk_50M     ; 0.000        ; 0.036      ; 0.596      ;
; 0.477 ; count[7]         ; count[6]         ; clk_50M      ; clk_50M     ; 0.000        ; 0.036      ; 0.597      ;
; 0.482 ; count[4]         ; count[7]         ; clk_50M      ; clk_50M     ; 0.000        ; 0.036      ; 0.602      ;
; 0.483 ; count[7]         ; count[7]         ; clk_50M      ; clk_50M     ; 0.000        ; 0.036      ; 0.603      ;
; 0.484 ; register[2]      ; rx_msg[2]~reg0   ; clk_50M      ; clk_50M     ; 0.000        ; 0.044      ; 0.612      ;
; 0.484 ; count[3]         ; count[0]         ; clk_50M      ; clk_50M     ; 0.000        ; 0.037      ; 0.605      ;
; 0.486 ; count[3]         ; count[1]         ; clk_50M      ; clk_50M     ; 0.000        ; 0.037      ; 0.607      ;
; 0.499 ; count[6]         ; count[4]         ; clk_50M      ; clk_50M     ; 0.000        ; 0.036      ; 0.619      ;
; 0.508 ; state.ST1        ; counter[6]       ; clk_50M      ; clk_50M     ; 0.000        ; -0.153     ; 0.439      ;
; 0.510 ; count[1]         ; count[0]         ; clk_50M      ; clk_50M     ; 0.000        ; 0.036      ; 0.630      ;
; 0.510 ; count[1]         ; count[1]         ; clk_50M      ; clk_50M     ; 0.000        ; 0.036      ; 0.630      ;
; 0.511 ; count[6]         ; count[2]         ; clk_50M      ; clk_50M     ; 0.000        ; 0.037      ; 0.632      ;
; 0.512 ; count[7]         ; count[9]         ; clk_50M      ; clk_50M     ; 0.000        ; 0.036      ; 0.632      ;
; 0.514 ; count[5]         ; count[8]         ; clk_50M      ; clk_50M     ; 0.000        ; 0.036      ; 0.634      ;
; 0.515 ; count[7]         ; count[10]        ; clk_50M      ; clk_50M     ; 0.000        ; 0.036      ; 0.635      ;
; 0.517 ; count[3]         ; count[5]         ; clk_50M      ; clk_50M     ; 0.000        ; 0.036      ; 0.637      ;
; 0.519 ; bit_counter[0]   ; bit_counter[2]   ; clk_50M      ; clk_50M     ; 0.000        ; 0.036      ; 0.639      ;
; 0.519 ; count[2]         ; count[0]         ; clk_50M      ; clk_50M     ; 0.000        ; 0.036      ; 0.639      ;
; 0.519 ; count[2]         ; count[1]         ; clk_50M      ; clk_50M     ; 0.000        ; 0.036      ; 0.639      ;
; 0.521 ; bit_counter[0]   ; bit_counter[3]   ; clk_50M      ; clk_50M     ; 0.000        ; 0.036      ; 0.641      ;
; 0.526 ; count[6]         ; count[9]         ; clk_50M      ; clk_50M     ; 0.000        ; 0.036      ; 0.646      ;
; 0.527 ; counter[9]       ; counter[9]       ; clk_50M      ; clk_50M     ; 0.000        ; 0.035      ; 0.646      ;
; 0.528 ; count[4]         ; count[8]         ; clk_50M      ; clk_50M     ; 0.000        ; 0.036      ; 0.648      ;
; 0.529 ; count[6]         ; count[10]        ; clk_50M      ; clk_50M     ; 0.000        ; 0.036      ; 0.649      ;
; 0.530 ; count[10]        ; count[7]         ; clk_50M      ; clk_50M     ; 0.000        ; 0.036      ; 0.650      ;
; 0.531 ; count[10]        ; count[4]         ; clk_50M      ; clk_50M     ; 0.000        ; 0.036      ; 0.651      ;
; 0.534 ; count[2]         ; count[3]         ; clk_50M      ; clk_50M     ; 0.000        ; 0.035      ; 0.653      ;
; 0.537 ; count[10]        ; count[6]         ; clk_50M      ; clk_50M     ; 0.000        ; 0.036      ; 0.657      ;
; 0.557 ; count[0]         ; count[0]         ; clk_50M      ; clk_50M     ; 0.000        ; 0.036      ; 0.677      ;
; 0.559 ; count[0]         ; count[1]         ; clk_50M      ; clk_50M     ; 0.000        ; 0.036      ; 0.679      ;
; 0.566 ; count[1]         ; state.ST4        ; clk_50M      ; clk_50M     ; 0.000        ; 0.233      ; 0.883      ;
; 0.566 ; bit_counter[1]   ; bit_counter[2]   ; clk_50M      ; clk_50M     ; 0.000        ; 0.036      ; 0.686      ;
; 0.566 ; count[3]         ; state.ST4        ; clk_50M      ; clk_50M     ; 0.000        ; 0.234      ; 0.884      ;
; 0.575 ; count[2]         ; state.ST4        ; clk_50M      ; clk_50M     ; 0.000        ; 0.233      ; 0.892      ;
; 0.576 ; count[6]         ; state.ST4        ; clk_50M      ; clk_50M     ; 0.000        ; 0.234      ; 0.894      ;
; 0.577 ; count[5]         ; count[9]         ; clk_50M      ; clk_50M     ; 0.000        ; 0.036      ; 0.697      ;
; 0.580 ; count[5]         ; count[10]        ; clk_50M      ; clk_50M     ; 0.000        ; 0.036      ; 0.700      ;
; 0.580 ; count[1]         ; count[3]         ; clk_50M      ; clk_50M     ; 0.000        ; 0.035      ; 0.699      ;
; 0.581 ; bit_counter[2]   ; bit_counter[3]   ; clk_50M      ; clk_50M     ; 0.000        ; 0.036      ; 0.701      ;
; 0.581 ; bit_counter[1]   ; bit_counter[3]   ; clk_50M      ; clk_50M     ; 0.000        ; 0.036      ; 0.701      ;
; 0.585 ; count[6]         ; count[0]         ; clk_50M      ; clk_50M     ; 0.000        ; 0.037      ; 0.706      ;
; 0.586 ; count[3]         ; count[8]         ; clk_50M      ; clk_50M     ; 0.000        ; 0.036      ; 0.706      ;
; 0.586 ; count[9]         ; count[7]         ; clk_50M      ; clk_50M     ; 0.000        ; 0.036      ; 0.706      ;
; 0.587 ; count[9]         ; count[4]         ; clk_50M      ; clk_50M     ; 0.000        ; 0.036      ; 0.707      ;
; 0.591 ; count[5]         ; count[4]         ; clk_50M      ; clk_50M     ; 0.000        ; 0.036      ; 0.711      ;
; 0.591 ; count[6]         ; count[1]         ; clk_50M      ; clk_50M     ; 0.000        ; 0.037      ; 0.712      ;
; 0.591 ; count[2]         ; count[2]         ; clk_50M      ; clk_50M     ; 0.000        ; 0.036      ; 0.711      ;
; 0.591 ; count[4]         ; count[9]         ; clk_50M      ; clk_50M     ; 0.000        ; 0.036      ; 0.711      ;
; 0.593 ; count[9]         ; count[6]         ; clk_50M      ; clk_50M     ; 0.000        ; 0.036      ; 0.713      ;
; 0.594 ; count[4]         ; count[10]        ; clk_50M      ; clk_50M     ; 0.000        ; 0.036      ; 0.714      ;
; 0.596 ; count[5]         ; count[2]         ; clk_50M      ; clk_50M     ; 0.000        ; 0.037      ; 0.717      ;
+-------+------------------+------------------+--------------+-------------+--------------+------------+------------+


----------------------------------------------
; Fast 1200mV 0C Model Metastability Summary ;
----------------------------------------------
No synchronizer chains to report.


+-------------------------------------------------------------------------------+
; Multicorner Timing Analysis Summary                                           ;
+------------------+---------+-------+----------+---------+---------------------+
; Clock            ; Setup   ; Hold  ; Recovery ; Removal ; Minimum Pulse Width ;
+------------------+---------+-------+----------+---------+---------------------+
; Worst-case Slack ; -2.974  ; 0.179 ; N/A      ; N/A     ; -3.000              ;
;  clk_50M         ; -2.974  ; 0.179 ; N/A      ; N/A     ; -3.000              ;
; Design-wide TNS  ; -86.779 ; 0.0   ; 0.0      ; 0.0     ; -52.866             ;
;  clk_50M         ; -86.779 ; 0.000 ; N/A      ; N/A     ; -52.866             ;
+------------------+---------+-------+----------+---------+---------------------+


+------------------------------------------------------------------------------------------------------------------------------------------------------------------------------------------------------------------------------------------------------------------------------------------------------------------------------------------------------------------------------------------------------------------+
; Board Trace Model Assignments                                                                                                                                                                                                                                                                                                                                                                                    ;
+---------------+--------------+-------------------+-------------------------+-------------------------+---------------+---------------------+----------------+------------------+--------+------------------+------------------------+------------------------+--------------+---------------+-----------------+-------+---------------------+--------------------+---------------+-----------------+-------------+
; Pin           ; I/O Standard ; Near Tline Length ; Near Tline L per Length ; Near Tline C per Length ; Near Series R ; Near Differential R ; Near Pull-up R ; Near Pull-down R ; Near C ; Far Tline Length ; Far Tline L per Length ; Far Tline C per Length ; Far Series R ; Far Pull-up R ; Far Pull-down R ; Far C ; Termination Voltage ; Far Differential R ; EBD File Name ; EBD Signal Name ; EBD Far-end ;
+---------------+--------------+-------------------+-------------------------+-------------------------+---------------+---------------------+----------------+------------------+--------+------------------+------------------------+------------------------+--------------+---------------+-----------------+-------+---------------------+--------------------+---------------+-----------------+-------------+
; rx_msg[0]     ; 2.5 V        ; 0 in              ; 0 H/in                  ; 0 F/in                  ; short         ; -                   ; open           ; open             ; open   ; 0 in             ; 0 H/in                 ; 0 F/in                 ; short        ; open          ; open            ; open  ; 0 V                 ; -                  ; n/a           ; n/a             ; n/a         ;
; rx_msg[1]     ; 2.5 V        ; 0 in              ; 0 H/in                  ; 0 F/in                  ; short         ; -                   ; open           ; open             ; open   ; 0 in             ; 0 H/in                 ; 0 F/in                 ; short        ; open          ; open            ; open  ; 0 V                 ; -                  ; n/a           ; n/a             ; n/a         ;
; rx_msg[2]     ; 2.5 V        ; 0 in              ; 0 H/in                  ; 0 F/in                  ; short         ; -                   ; open           ; open             ; open   ; 0 in             ; 0 H/in                 ; 0 F/in                 ; short        ; open          ; open            ; open  ; 0 V                 ; -                  ; n/a           ; n/a             ; n/a         ;
; rx_msg[3]     ; 2.5 V        ; 0 in              ; 0 H/in                  ; 0 F/in                  ; short         ; -                   ; open           ; open             ; open   ; 0 in             ; 0 H/in                 ; 0 F/in                 ; short        ; open          ; open            ; open  ; 0 V                 ; -                  ; n/a           ; n/a             ; n/a         ;
; rx_msg[4]     ; 2.5 V        ; 0 in              ; 0 H/in                  ; 0 F/in                  ; short         ; -                   ; open           ; open             ; open   ; 0 in             ; 0 H/in                 ; 0 F/in                 ; short        ; open          ; open            ; open  ; 0 V                 ; -                  ; n/a           ; n/a             ; n/a         ;
; rx_msg[5]     ; 2.5 V        ; 0 in              ; 0 H/in                  ; 0 F/in                  ; short         ; -                   ; open           ; open             ; open   ; 0 in             ; 0 H/in                 ; 0 F/in                 ; short        ; open          ; open            ; open  ; 0 V                 ; -                  ; n/a           ; n/a             ; n/a         ;
; rx_msg[6]     ; 2.5 V        ; 0 in              ; 0 H/in                  ; 0 F/in                  ; short         ; -                   ; open           ; open             ; open   ; 0 in             ; 0 H/in                 ; 0 F/in                 ; short        ; open          ; open            ; open  ; 0 V                 ; -                  ; n/a           ; n/a             ; n/a         ;
; rx_msg[7]     ; 2.5 V        ; 0 in              ; 0 H/in                  ; 0 F/in                  ; short         ; -                   ; open           ; open             ; open   ; 0 in             ; 0 H/in                 ; 0 F/in                 ; short        ; open          ; open            ; open  ; 0 V                 ; -                  ; n/a           ; n/a             ; n/a         ;
; rx_complete   ; 2.5 V        ; 0 in              ; 0 H/in                  ; 0 F/in                  ; short         ; -                   ; open           ; open             ; open   ; 0 in             ; 0 H/in                 ; 0 F/in                 ; short        ; open          ; open            ; open  ; 0 V                 ; -                  ; n/a           ; n/a             ; n/a         ;
; ~ALTERA_DCLK~ ; 2.5 V        ; 0 in              ; 0 H/in                  ; 0 F/in                  ; short         ; -                   ; open           ; open             ; open   ; 0 in             ; 0 H/in                 ; 0 F/in                 ; short        ; open          ; open            ; open  ; 0 V                 ; -                  ; n/a           ; n/a             ; n/a         ;
; ~ALTERA_nCEO~ ; 2.5 V        ; 0 in              ; 0 H/in                  ; 0 F/in                  ; short         ; -                   ; open           ; open             ; open   ; 0 in             ; 0 H/in                 ; 0 F/in                 ; short        ; open          ; open            ; open  ; 0 V                 ; -                  ; n/a           ; n/a             ; n/a         ;
+---------------+--------------+-------------------+-------------------------+-------------------------+---------------+---------------------+----------------+------------------+--------+------------------+------------------------+------------------------+--------------+---------------+-----------------+-------+---------------------+--------------------+---------------+-----------------+-------------+


+----------------------------------------------------------------------------+
; Input Transition Times                                                     ;
+-------------------------+--------------+-----------------+-----------------+
; Pin                     ; I/O Standard ; 10-90 Rise Time ; 90-10 Fall Time ;
+-------------------------+--------------+-----------------+-----------------+
; clk_50M                 ; 2.5 V        ; 2000 ps         ; 2000 ps         ;
; rx                      ; 2.5 V        ; 2000 ps         ; 2000 ps         ;
; ~ALTERA_ASDO_DATA1~     ; 2.5 V        ; 2000 ps         ; 2000 ps         ;
; ~ALTERA_FLASH_nCE_nCSO~ ; 2.5 V        ; 2000 ps         ; 2000 ps         ;
; ~ALTERA_DATA0~          ; 2.5 V        ; 2000 ps         ; 2000 ps         ;
+-------------------------+--------------+-----------------+-----------------+


+--------------------------------------------------------------------------------------------------------------------------------------------------------------------------------------------------------------------------------------------------------------------------------------------------------------------------------------------------------------------------------------------------------------------------------------------------------------------------------------------------------------------------------------------------------------------------------------------------------------------------------------------------------------------------------------------+
; Signal Integrity Metrics (Slow 1200mv 0c Model)                                                                                                                                                                                                                                                                                                                                                                                                                                                                                                                                                                                                                                            ;
+---------------+--------------+---------------------+---------------------+------------------------------+------------------------------+---------------------+---------------------+--------------------------------------+--------------------------------------+-----------------------------+-----------------------------+----------------------------+----------------------------+-----------------------------+-----------------------------+--------------------+--------------------+-------------------------------------+-------------------------------------+----------------------------+----------------------------+---------------------------+---------------------------+
; Pin           ; I/O Standard ; Board Delay on Rise ; Board Delay on Fall ; Steady State Voh at FPGA Pin ; Steady State Vol at FPGA Pin ; Voh Max at FPGA Pin ; Vol Min at FPGA Pin ; Ringback Voltage on Rise at FPGA Pin ; Ringback Voltage on Fall at FPGA Pin ; 10-90 Rise Time at FPGA Pin ; 90-10 Fall Time at FPGA Pin ; Monotonic Rise at FPGA Pin ; Monotonic Fall at FPGA Pin ; Steady State Voh at Far-end ; Steady State Vol at Far-end ; Voh Max at Far-end ; Vol Min at Far-end ; Ringback Voltage on Rise at Far-end ; Ringback Voltage on Fall at Far-end ; 10-90 Rise Time at Far-end ; 90-10 Fall Time at Far-end ; Monotonic Rise at Far-end ; Monotonic Fall at Far-end ;
+---------------+--------------+---------------------+---------------------+------------------------------+------------------------------+---------------------+---------------------+--------------------------------------+--------------------------------------+-----------------------------+-----------------------------+----------------------------+----------------------------+-----------------------------+-----------------------------+--------------------+--------------------+-------------------------------------+-------------------------------------+----------------------------+----------------------------+---------------------------+---------------------------+
; rx_msg[0]     ; 2.5 V        ; 0 s                 ; 0 s                 ; 2.32 V                       ; 5.95e-09 V                   ; 2.38 V              ; -0.016 V            ; 0.22 V                               ; 0.025 V                              ; 3.06e-10 s                  ; 3.3e-10 s                   ; Yes                        ; Yes                        ; 2.32 V                      ; 5.95e-09 V                  ; 2.38 V             ; -0.016 V           ; 0.22 V                              ; 0.025 V                             ; 3.06e-10 s                 ; 3.3e-10 s                  ; Yes                       ; Yes                       ;
; rx_msg[1]     ; 2.5 V        ; 0 s                 ; 0 s                 ; 2.32 V                       ; 5.95e-09 V                   ; 2.38 V              ; -0.016 V            ; 0.22 V                               ; 0.025 V                              ; 3.06e-10 s                  ; 3.3e-10 s                   ; Yes                        ; Yes                        ; 2.32 V                      ; 5.95e-09 V                  ; 2.38 V             ; -0.016 V           ; 0.22 V                              ; 0.025 V                             ; 3.06e-10 s                 ; 3.3e-10 s                  ; Yes                       ; Yes                       ;
; rx_msg[2]     ; 2.5 V        ; 0 s                 ; 0 s                 ; 2.32 V                       ; 5.95e-09 V                   ; 2.38 V              ; -0.016 V            ; 0.22 V                               ; 0.025 V                              ; 3.06e-10 s                  ; 3.3e-10 s                   ; Yes                        ; Yes                        ; 2.32 V                      ; 5.95e-09 V                  ; 2.38 V             ; -0.016 V           ; 0.22 V                              ; 0.025 V                             ; 3.06e-10 s                 ; 3.3e-10 s                  ; Yes                       ; Yes                       ;
; rx_msg[3]     ; 2.5 V        ; 0 s                 ; 0 s                 ; 2.32 V                       ; 5.95e-09 V                   ; 2.38 V              ; -0.016 V            ; 0.22 V                               ; 0.025 V                              ; 3.06e-10 s                  ; 3.3e-10 s                   ; Yes                        ; Yes                        ; 2.32 V                      ; 5.95e-09 V                  ; 2.38 V             ; -0.016 V           ; 0.22 V                              ; 0.025 V                             ; 3.06e-10 s                 ; 3.3e-10 s                  ; Yes                       ; Yes                       ;
; rx_msg[4]     ; 2.5 V        ; 0 s                 ; 0 s                 ; 2.32 V                       ; 5.95e-09 V                   ; 2.33 V              ; -0.00616 V          ; 0.191 V                              ; 0.099 V                              ; 2.83e-09 s                  ; 2.56e-09 s                  ; No                         ; Yes                        ; 2.32 V                      ; 5.95e-09 V                  ; 2.33 V             ; -0.00616 V         ; 0.191 V                             ; 0.099 V                             ; 2.83e-09 s                 ; 2.56e-09 s                 ; No                        ; Yes                       ;
; rx_msg[5]     ; 2.5 V        ; 0 s                 ; 0 s                 ; 2.32 V                       ; 5.95e-09 V                   ; 2.38 V              ; -0.016 V            ; 0.22 V                               ; 0.025 V                              ; 3.06e-10 s                  ; 3.3e-10 s                   ; Yes                        ; Yes                        ; 2.32 V                      ; 5.95e-09 V                  ; 2.38 V             ; -0.016 V           ; 0.22 V                              ; 0.025 V                             ; 3.06e-10 s                 ; 3.3e-10 s                  ; Yes                       ; Yes                       ;
; rx_msg[6]     ; 2.5 V        ; 0 s                 ; 0 s                 ; 2.32 V                       ; 5.95e-09 V                   ; 2.38 V              ; -0.016 V            ; 0.22 V                               ; 0.025 V                              ; 3.06e-10 s                  ; 3.3e-10 s                   ; Yes                        ; Yes                        ; 2.32 V                      ; 5.95e-09 V                  ; 2.38 V             ; -0.016 V           ; 0.22 V                              ; 0.025 V                             ; 3.06e-10 s                 ; 3.3e-10 s                  ; Yes                       ; Yes                       ;
; rx_msg[7]     ; 2.5 V        ; 0 s                 ; 0 s                 ; 2.32 V                       ; 5.95e-09 V                   ; 2.38 V              ; -0.016 V            ; 0.22 V                               ; 0.025 V                              ; 3.06e-10 s                  ; 3.3e-10 s                   ; Yes                        ; Yes                        ; 2.32 V                      ; 5.95e-09 V                  ; 2.38 V             ; -0.016 V           ; 0.22 V                              ; 0.025 V                             ; 3.06e-10 s                 ; 3.3e-10 s                  ; Yes                       ; Yes                       ;
; rx_complete   ; 2.5 V        ; 0 s                 ; 0 s                 ; 2.32 V                       ; 5.95e-09 V                   ; 2.38 V              ; -0.016 V            ; 0.22 V                               ; 0.025 V                              ; 3.06e-10 s                  ; 3.3e-10 s                   ; Yes                        ; Yes                        ; 2.32 V                      ; 5.95e-09 V                  ; 2.38 V             ; -0.016 V           ; 0.22 V                              ; 0.025 V                             ; 3.06e-10 s                 ; 3.3e-10 s                  ; Yes                       ; Yes                       ;
; ~ALTERA_DCLK~ ; 2.5 V        ; 0 s                 ; 0 s                 ; 2.32 V                       ; 3.45e-09 V                   ; 2.38 V              ; -0.0609 V           ; 0.148 V                              ; 0.095 V                              ; 2.82e-10 s                  ; 2.59e-10 s                  ; Yes                        ; Yes                        ; 2.32 V                      ; 3.45e-09 V                  ; 2.38 V             ; -0.0609 V          ; 0.148 V                             ; 0.095 V                             ; 2.82e-10 s                 ; 2.59e-10 s                 ; Yes                       ; Yes                       ;
; ~ALTERA_nCEO~ ; 2.5 V        ; 0 s                 ; 0 s                 ; 2.32 V                       ; 5.61e-09 V                   ; 2.38 V              ; -0.00274 V          ; 0.141 V                              ; 0.006 V                              ; 4.7e-10 s                   ; 6.02e-10 s                  ; Yes                        ; Yes                        ; 2.32 V                      ; 5.61e-09 V                  ; 2.38 V             ; -0.00274 V         ; 0.141 V                             ; 0.006 V                             ; 4.7e-10 s                  ; 6.02e-10 s                 ; Yes                       ; Yes                       ;
+---------------+--------------+---------------------+---------------------+------------------------------+------------------------------+---------------------+---------------------+--------------------------------------+--------------------------------------+-----------------------------+-----------------------------+----------------------------+----------------------------+-----------------------------+-----------------------------+--------------------+--------------------+-------------------------------------+-------------------------------------+----------------------------+----------------------------+---------------------------+---------------------------+


+--------------------------------------------------------------------------------------------------------------------------------------------------------------------------------------------------------------------------------------------------------------------------------------------------------------------------------------------------------------------------------------------------------------------------------------------------------------------------------------------------------------------------------------------------------------------------------------------------------------------------------------------------------------------------------------------+
; Signal Integrity Metrics (Slow 1200mv 85c Model)                                                                                                                                                                                                                                                                                                                                                                                                                                                                                                                                                                                                                                           ;
+---------------+--------------+---------------------+---------------------+------------------------------+------------------------------+---------------------+---------------------+--------------------------------------+--------------------------------------+-----------------------------+-----------------------------+----------------------------+----------------------------+-----------------------------+-----------------------------+--------------------+--------------------+-------------------------------------+-------------------------------------+----------------------------+----------------------------+---------------------------+---------------------------+
; Pin           ; I/O Standard ; Board Delay on Rise ; Board Delay on Fall ; Steady State Voh at FPGA Pin ; Steady State Vol at FPGA Pin ; Voh Max at FPGA Pin ; Vol Min at FPGA Pin ; Ringback Voltage on Rise at FPGA Pin ; Ringback Voltage on Fall at FPGA Pin ; 10-90 Rise Time at FPGA Pin ; 90-10 Fall Time at FPGA Pin ; Monotonic Rise at FPGA Pin ; Monotonic Fall at FPGA Pin ; Steady State Voh at Far-end ; Steady State Vol at Far-end ; Voh Max at Far-end ; Vol Min at Far-end ; Ringback Voltage on Rise at Far-end ; Ringback Voltage on Fall at Far-end ; 10-90 Rise Time at Far-end ; 90-10 Fall Time at Far-end ; Monotonic Rise at Far-end ; Monotonic Fall at Far-end ;
+---------------+--------------+---------------------+---------------------+------------------------------+------------------------------+---------------------+---------------------+--------------------------------------+--------------------------------------+-----------------------------+-----------------------------+----------------------------+----------------------------+-----------------------------+-----------------------------+--------------------+--------------------+-------------------------------------+-------------------------------------+----------------------------+----------------------------+---------------------------+---------------------------+
; rx_msg[0]     ; 2.5 V        ; 0 s                 ; 0 s                 ; 2.32 V                       ; 1.06e-06 V                   ; 2.36 V              ; -0.00724 V          ; 0.107 V                              ; 0.02 V                               ; 4.5e-10 s                   ; 4.25e-10 s                  ; Yes                        ; Yes                        ; 2.32 V                      ; 1.06e-06 V                  ; 2.36 V             ; -0.00724 V         ; 0.107 V                             ; 0.02 V                              ; 4.5e-10 s                  ; 4.25e-10 s                 ; Yes                       ; Yes                       ;
; rx_msg[1]     ; 2.5 V        ; 0 s                 ; 0 s                 ; 2.32 V                       ; 1.06e-06 V                   ; 2.36 V              ; -0.00724 V          ; 0.107 V                              ; 0.02 V                               ; 4.5e-10 s                   ; 4.25e-10 s                  ; Yes                        ; Yes                        ; 2.32 V                      ; 1.06e-06 V                  ; 2.36 V             ; -0.00724 V         ; 0.107 V                             ; 0.02 V                              ; 4.5e-10 s                  ; 4.25e-10 s                 ; Yes                       ; Yes                       ;
; rx_msg[2]     ; 2.5 V        ; 0 s                 ; 0 s                 ; 2.32 V                       ; 1.06e-06 V                   ; 2.36 V              ; -0.00724 V          ; 0.107 V                              ; 0.02 V                               ; 4.5e-10 s                   ; 4.25e-10 s                  ; Yes                        ; Yes                        ; 2.32 V                      ; 1.06e-06 V                  ; 2.36 V             ; -0.00724 V         ; 0.107 V                             ; 0.02 V                              ; 4.5e-10 s                  ; 4.25e-10 s                 ; Yes                       ; Yes                       ;
; rx_msg[3]     ; 2.5 V        ; 0 s                 ; 0 s                 ; 2.32 V                       ; 1.06e-06 V                   ; 2.36 V              ; -0.00724 V          ; 0.107 V                              ; 0.02 V                               ; 4.5e-10 s                   ; 4.25e-10 s                  ; Yes                        ; Yes                        ; 2.32 V                      ; 1.06e-06 V                  ; 2.36 V             ; -0.00724 V         ; 0.107 V                             ; 0.02 V                              ; 4.5e-10 s                  ; 4.25e-10 s                 ; Yes                       ; Yes                       ;
; rx_msg[4]     ; 2.5 V        ; 0 s                 ; 0 s                 ; 2.32 V                       ; 1.06e-06 V                   ; 2.33 V              ; -0.00344 V          ; 0.134 V                              ; 0.075 V                              ; 3.33e-09 s                  ; 3.16e-09 s                  ; Yes                        ; Yes                        ; 2.32 V                      ; 1.06e-06 V                  ; 2.33 V             ; -0.00344 V         ; 0.134 V                             ; 0.075 V                             ; 3.33e-09 s                 ; 3.16e-09 s                 ; Yes                       ; Yes                       ;
; rx_msg[5]     ; 2.5 V        ; 0 s                 ; 0 s                 ; 2.32 V                       ; 1.06e-06 V                   ; 2.36 V              ; -0.00724 V          ; 0.107 V                              ; 0.02 V                               ; 4.5e-10 s                   ; 4.25e-10 s                  ; Yes                        ; Yes                        ; 2.32 V                      ; 1.06e-06 V                  ; 2.36 V             ; -0.00724 V         ; 0.107 V                             ; 0.02 V                              ; 4.5e-10 s                  ; 4.25e-10 s                 ; Yes                       ; Yes                       ;
; rx_msg[6]     ; 2.5 V        ; 0 s                 ; 0 s                 ; 2.32 V                       ; 1.06e-06 V                   ; 2.36 V              ; -0.00724 V          ; 0.107 V                              ; 0.02 V                               ; 4.5e-10 s                   ; 4.25e-10 s                  ; Yes                        ; Yes                        ; 2.32 V                      ; 1.06e-06 V                  ; 2.36 V             ; -0.00724 V         ; 0.107 V                             ; 0.02 V                              ; 4.5e-10 s                  ; 4.25e-10 s                 ; Yes                       ; Yes                       ;
; rx_msg[7]     ; 2.5 V        ; 0 s                 ; 0 s                 ; 2.32 V                       ; 1.06e-06 V                   ; 2.36 V              ; -0.00724 V          ; 0.107 V                              ; 0.02 V                               ; 4.5e-10 s                   ; 4.25e-10 s                  ; Yes                        ; Yes                        ; 2.32 V                      ; 1.06e-06 V                  ; 2.36 V             ; -0.00724 V         ; 0.107 V                             ; 0.02 V                              ; 4.5e-10 s                  ; 4.25e-10 s                 ; Yes                       ; Yes                       ;
; rx_complete   ; 2.5 V        ; 0 s                 ; 0 s                 ; 2.32 V                       ; 1.06e-06 V                   ; 2.36 V              ; -0.00724 V          ; 0.107 V                              ; 0.02 V                               ; 4.5e-10 s                   ; 4.25e-10 s                  ; Yes                        ; Yes                        ; 2.32 V                      ; 1.06e-06 V                  ; 2.36 V             ; -0.00724 V         ; 0.107 V                             ; 0.02 V                              ; 4.5e-10 s                  ; 4.25e-10 s                 ; Yes                       ; Yes                       ;
; ~ALTERA_DCLK~ ; 2.5 V        ; 0 s                 ; 0 s                 ; 2.32 V                       ; 5.74e-07 V                   ; 2.36 V              ; -0.0201 V           ; 0.072 V                              ; 0.033 V                              ; 4.04e-10 s                  ; 3.29e-10 s                  ; Yes                        ; Yes                        ; 2.32 V                      ; 5.74e-07 V                  ; 2.36 V             ; -0.0201 V          ; 0.072 V                             ; 0.033 V                             ; 4.04e-10 s                 ; 3.29e-10 s                 ; Yes                       ; Yes                       ;
; ~ALTERA_nCEO~ ; 2.5 V        ; 0 s                 ; 0 s                 ; 2.32 V                       ; 9.45e-07 V                   ; 2.35 V              ; -0.00643 V          ; 0.081 V                              ; 0.031 V                              ; 5.31e-10 s                  ; 7.59e-10 s                  ; Yes                        ; Yes                        ; 2.32 V                      ; 9.45e-07 V                  ; 2.35 V             ; -0.00643 V         ; 0.081 V                             ; 0.031 V                             ; 5.31e-10 s                 ; 7.59e-10 s                 ; Yes                       ; Yes                       ;
+---------------+--------------+---------------------+---------------------+------------------------------+------------------------------+---------------------+---------------------+--------------------------------------+--------------------------------------+-----------------------------+-----------------------------+----------------------------+----------------------------+-----------------------------+-----------------------------+--------------------+--------------------+-------------------------------------+-------------------------------------+----------------------------+----------------------------+---------------------------+---------------------------+


+--------------------------------------------------------------------------------------------------------------------------------------------------------------------------------------------------------------------------------------------------------------------------------------------------------------------------------------------------------------------------------------------------------------------------------------------------------------------------------------------------------------------------------------------------------------------------------------------------------------------------------------------------------------------------------------------+
; Signal Integrity Metrics (Fast 1200mv 0c Model)                                                                                                                                                                                                                                                                                                                                                                                                                                                                                                                                                                                                                                            ;
+---------------+--------------+---------------------+---------------------+------------------------------+------------------------------+---------------------+---------------------+--------------------------------------+--------------------------------------+-----------------------------+-----------------------------+----------------------------+----------------------------+-----------------------------+-----------------------------+--------------------+--------------------+-------------------------------------+-------------------------------------+----------------------------+----------------------------+---------------------------+---------------------------+
; Pin           ; I/O Standard ; Board Delay on Rise ; Board Delay on Fall ; Steady State Voh at FPGA Pin ; Steady State Vol at FPGA Pin ; Voh Max at FPGA Pin ; Vol Min at FPGA Pin ; Ringback Voltage on Rise at FPGA Pin ; Ringback Voltage on Fall at FPGA Pin ; 10-90 Rise Time at FPGA Pin ; 90-10 Fall Time at FPGA Pin ; Monotonic Rise at FPGA Pin ; Monotonic Fall at FPGA Pin ; Steady State Voh at Far-end ; Steady State Vol at Far-end ; Voh Max at Far-end ; Vol Min at Far-end ; Ringback Voltage on Rise at Far-end ; Ringback Voltage on Fall at Far-end ; 10-90 Rise Time at Far-end ; 90-10 Fall Time at Far-end ; Monotonic Rise at Far-end ; Monotonic Fall at Far-end ;
+---------------+--------------+---------------------+---------------------+------------------------------+------------------------------+---------------------+---------------------+--------------------------------------+--------------------------------------+-----------------------------+-----------------------------+----------------------------+----------------------------+-----------------------------+-----------------------------+--------------------+--------------------+-------------------------------------+-------------------------------------+----------------------------+----------------------------+---------------------------+---------------------------+
; rx_msg[0]     ; 2.5 V        ; 0 s                 ; 0 s                 ; 2.62 V                       ; 4.05e-08 V                   ; 2.72 V              ; -0.0349 V           ; 0.173 V                              ; 0.1 V                                ; 2.72e-10 s                  ; 2.69e-10 s                  ; Yes                        ; Yes                        ; 2.62 V                      ; 4.05e-08 V                  ; 2.72 V             ; -0.0349 V          ; 0.173 V                             ; 0.1 V                               ; 2.72e-10 s                 ; 2.69e-10 s                 ; Yes                       ; Yes                       ;
; rx_msg[1]     ; 2.5 V        ; 0 s                 ; 0 s                 ; 2.62 V                       ; 4.05e-08 V                   ; 2.72 V              ; -0.0349 V           ; 0.173 V                              ; 0.1 V                                ; 2.72e-10 s                  ; 2.69e-10 s                  ; Yes                        ; Yes                        ; 2.62 V                      ; 4.05e-08 V                  ; 2.72 V             ; -0.0349 V          ; 0.173 V                             ; 0.1 V                               ; 2.72e-10 s                 ; 2.69e-10 s                 ; Yes                       ; Yes                       ;
; rx_msg[2]     ; 2.5 V        ; 0 s                 ; 0 s                 ; 2.62 V                       ; 4.05e-08 V                   ; 2.72 V              ; -0.0349 V           ; 0.173 V                              ; 0.1 V                                ; 2.72e-10 s                  ; 2.69e-10 s                  ; Yes                        ; Yes                        ; 2.62 V                      ; 4.05e-08 V                  ; 2.72 V             ; -0.0349 V          ; 0.173 V                             ; 0.1 V                               ; 2.72e-10 s                 ; 2.69e-10 s                 ; Yes                       ; Yes                       ;
; rx_msg[3]     ; 2.5 V        ; 0 s                 ; 0 s                 ; 2.62 V                       ; 4.05e-08 V                   ; 2.72 V              ; -0.0349 V           ; 0.173 V                              ; 0.1 V                                ; 2.72e-10 s                  ; 2.69e-10 s                  ; Yes                        ; Yes                        ; 2.62 V                      ; 4.05e-08 V                  ; 2.72 V             ; -0.0349 V          ; 0.173 V                             ; 0.1 V                               ; 2.72e-10 s                 ; 2.69e-10 s                 ; Yes                       ; Yes                       ;
; rx_msg[4]     ; 2.5 V        ; 0 s                 ; 0 s                 ; 2.62 V                       ; 4.05e-08 V                   ; 2.64 V              ; -0.0113 V           ; 0.208 V                              ; 0.179 V                              ; 2.38e-09 s                  ; 2.23e-09 s                  ; No                         ; Yes                        ; 2.62 V                      ; 4.05e-08 V                  ; 2.64 V             ; -0.0113 V          ; 0.208 V                             ; 0.179 V                             ; 2.38e-09 s                 ; 2.23e-09 s                 ; No                        ; Yes                       ;
; rx_msg[5]     ; 2.5 V        ; 0 s                 ; 0 s                 ; 2.62 V                       ; 4.05e-08 V                   ; 2.72 V              ; -0.0349 V           ; 0.173 V                              ; 0.1 V                                ; 2.72e-10 s                  ; 2.69e-10 s                  ; Yes                        ; Yes                        ; 2.62 V                      ; 4.05e-08 V                  ; 2.72 V             ; -0.0349 V          ; 0.173 V                             ; 0.1 V                               ; 2.72e-10 s                 ; 2.69e-10 s                 ; Yes                       ; Yes                       ;
; rx_msg[6]     ; 2.5 V        ; 0 s                 ; 0 s                 ; 2.62 V                       ; 4.05e-08 V                   ; 2.72 V              ; -0.0349 V           ; 0.173 V                              ; 0.1 V                                ; 2.72e-10 s                  ; 2.69e-10 s                  ; Yes                        ; Yes                        ; 2.62 V                      ; 4.05e-08 V                  ; 2.72 V             ; -0.0349 V          ; 0.173 V                             ; 0.1 V                               ; 2.72e-10 s                 ; 2.69e-10 s                 ; Yes                       ; Yes                       ;
; rx_msg[7]     ; 2.5 V        ; 0 s                 ; 0 s                 ; 2.62 V                       ; 4.05e-08 V                   ; 2.72 V              ; -0.0349 V           ; 0.173 V                              ; 0.1 V                                ; 2.72e-10 s                  ; 2.69e-10 s                  ; Yes                        ; Yes                        ; 2.62 V                      ; 4.05e-08 V                  ; 2.72 V             ; -0.0349 V          ; 0.173 V                             ; 0.1 V                               ; 2.72e-10 s                 ; 2.69e-10 s                 ; Yes                       ; Yes                       ;
; rx_complete   ; 2.5 V        ; 0 s                 ; 0 s                 ; 2.62 V                       ; 4.05e-08 V                   ; 2.72 V              ; -0.0349 V           ; 0.173 V                              ; 0.1 V                                ; 2.72e-10 s                  ; 2.69e-10 s                  ; Yes                        ; Yes                        ; 2.62 V                      ; 4.05e-08 V                  ; 2.72 V             ; -0.0349 V          ; 0.173 V                             ; 0.1 V                               ; 2.72e-10 s                 ; 2.69e-10 s                 ; Yes                       ; Yes                       ;
; ~ALTERA_DCLK~ ; 2.5 V        ; 0 s                 ; 0 s                 ; 2.62 V                       ; 2.22e-08 V                   ; 2.74 V              ; -0.06 V             ; 0.158 V                              ; 0.08 V                               ; 2.68e-10 s                  ; 2.19e-10 s                  ; Yes                        ; Yes                        ; 2.62 V                      ; 2.22e-08 V                  ; 2.74 V             ; -0.06 V            ; 0.158 V                             ; 0.08 V                              ; 2.68e-10 s                 ; 2.19e-10 s                 ; Yes                       ; Yes                       ;
; ~ALTERA_nCEO~ ; 2.5 V        ; 0 s                 ; 0 s                 ; 2.62 V                       ; 3.54e-08 V                   ; 2.7 V               ; -0.00943 V          ; 0.276 V                              ; 0.035 V                              ; 3.19e-10 s                  ; 4.99e-10 s                  ; No                         ; Yes                        ; 2.62 V                      ; 3.54e-08 V                  ; 2.7 V              ; -0.00943 V         ; 0.276 V                             ; 0.035 V                             ; 3.19e-10 s                 ; 4.99e-10 s                 ; No                        ; Yes                       ;
+---------------+--------------+---------------------+---------------------+------------------------------+------------------------------+---------------------+---------------------+--------------------------------------+--------------------------------------+-----------------------------+-----------------------------+----------------------------+----------------------------+-----------------------------+-----------------------------+--------------------+--------------------+-------------------------------------+-------------------------------------+----------------------------+----------------------------+---------------------------+---------------------------+


+-------------------------------------------------------------------+
; Setup Transfers                                                   ;
+------------+----------+----------+----------+----------+----------+
; From Clock ; To Clock ; RR Paths ; FR Paths ; RF Paths ; FF Paths ;
+------------+----------+----------+----------+----------+----------+
; clk_50M    ; clk_50M  ; 2049     ; 0        ; 0        ; 0        ;
+------------+----------+----------+----------+----------+----------+
Entries labeled "false path" only account for clock-to-clock false paths and not path-based false paths. As a result, actual path counts may be lower than reported.


+-------------------------------------------------------------------+
; Hold Transfers                                                    ;
+------------+----------+----------+----------+----------+----------+
; From Clock ; To Clock ; RR Paths ; FR Paths ; RF Paths ; FF Paths ;
+------------+----------+----------+----------+----------+----------+
; clk_50M    ; clk_50M  ; 2049     ; 0        ; 0        ; 0        ;
+------------+----------+----------+----------+----------+----------+
Entries labeled "false path" only account for clock-to-clock false paths and not path-based false paths. As a result, actual path counts may be lower than reported.


---------------
; Report TCCS ;
---------------
No dedicated SERDES Transmitter circuitry present in device or used in design


---------------
; Report RSKM ;
---------------
No non-DPA dedicated SERDES Receiver circuitry present in device or used in design


+------------------------------------------------+
; Unconstrained Paths Summary                    ;
+---------------------------------+-------+------+
; Property                        ; Setup ; Hold ;
+---------------------------------+-------+------+
; Illegal Clocks                  ; 0     ; 0    ;
; Unconstrained Clocks            ; 0     ; 0    ;
; Unconstrained Input Ports       ; 1     ; 1    ;
; Unconstrained Input Port Paths  ; 12    ; 12   ;
; Unconstrained Output Ports      ; 9     ; 9    ;
; Unconstrained Output Port Paths ; 9     ; 9    ;
+---------------------------------+-------+------+


+----------------------------------------+
; Clock Status Summary                   ;
+---------+---------+------+-------------+
; Target  ; Clock   ; Type ; Status      ;
+---------+---------+------+-------------+
; clk_50M ; clk_50M ; Base ; Constrained ;
+---------+---------+------+-------------+


+---------------------------------------------------------------------------------------------------+
; Unconstrained Input Ports                                                                         ;
+------------+--------------------------------------------------------------------------------------+
; Input Port ; Comment                                                                              ;
+------------+--------------------------------------------------------------------------------------+
; rx         ; No input delay, min/max delays, false-path exceptions, or max skew assignments found ;
+------------+--------------------------------------------------------------------------------------+


+-----------------------------------------------------------------------------------------------------+
; Unconstrained Output Ports                                                                          ;
+-------------+---------------------------------------------------------------------------------------+
; Output Port ; Comment                                                                               ;
+-------------+---------------------------------------------------------------------------------------+
; rx_complete ; No output delay, min/max delays, false-path exceptions, or max skew assignments found ;
; rx_msg[0]   ; No output delay, min/max delays, false-path exceptions, or max skew assignments found ;
; rx_msg[1]   ; No output delay, min/max delays, false-path exceptions, or max skew assignments found ;
; rx_msg[2]   ; No output delay, min/max delays, false-path exceptions, or max skew assignments found ;
; rx_msg[3]   ; No output delay, min/max delays, false-path exceptions, or max skew assignments found ;
; rx_msg[4]   ; No output delay, min/max delays, false-path exceptions, or max skew assignments found ;
; rx_msg[5]   ; No output delay, min/max delays, false-path exceptions, or max skew assignments found ;
; rx_msg[6]   ; No output delay, min/max delays, false-path exceptions, or max skew assignments found ;
; rx_msg[7]   ; No output delay, min/max delays, false-path exceptions, or max skew assignments found ;
+-------------+---------------------------------------------------------------------------------------+


+---------------------------------------------------------------------------------------------------+
; Unconstrained Input Ports                                                                         ;
+------------+--------------------------------------------------------------------------------------+
; Input Port ; Comment                                                                              ;
+------------+--------------------------------------------------------------------------------------+
; rx         ; No input delay, min/max delays, false-path exceptions, or max skew assignments found ;
+------------+--------------------------------------------------------------------------------------+


+-----------------------------------------------------------------------------------------------------+
; Unconstrained Output Ports                                                                          ;
+-------------+---------------------------------------------------------------------------------------+
; Output Port ; Comment                                                                               ;
+-------------+---------------------------------------------------------------------------------------+
; rx_complete ; No output delay, min/max delays, false-path exceptions, or max skew assignments found ;
; rx_msg[0]   ; No output delay, min/max delays, false-path exceptions, or max skew assignments found ;
; rx_msg[1]   ; No output delay, min/max delays, false-path exceptions, or max skew assignments found ;
; rx_msg[2]   ; No output delay, min/max delays, false-path exceptions, or max skew assignments found ;
; rx_msg[3]   ; No output delay, min/max delays, false-path exceptions, or max skew assignments found ;
; rx_msg[4]   ; No output delay, min/max delays, false-path exceptions, or max skew assignments found ;
; rx_msg[5]   ; No output delay, min/max delays, false-path exceptions, or max skew assignments found ;
; rx_msg[6]   ; No output delay, min/max delays, false-path exceptions, or max skew assignments found ;
; rx_msg[7]   ; No output delay, min/max delays, false-path exceptions, or max skew assignments found ;
+-------------+---------------------------------------------------------------------------------------+


+--------------------------+
; Timing Analyzer Messages ;
+--------------------------+
Info: *******************************************************************
Info: Running Quartus Prime Timing Analyzer
    Info: Version 20.1.1 Build 720 11/11/2020 SJ Lite Edition
    Info: Processing started: Fri Nov 10 19:49:22 2023
Info: Command: quartus_sta t2a_uart_rx -c t2a_uart_rx
Info: qsta_default_script.tcl version: #1
Warning (18236): Number of processors has not been specified which may cause overloading on shared machines.  Set the global assignment NUM_PARALLEL_PROCESSORS in your QSF to an appropriate value for best performance.
Info (20030): Parallel compilation is enabled and will use 4 of the 4 processors detected
Info (21077): Low junction temperature is 0 degrees C
Info (21077): High junction temperature is 85 degrees C
Critical Warning (332012): Synopsys Design Constraints File file not found: 't2a_uart_rx.sdc'. A Synopsys Design Constraints File is required by the Timing Analyzer to get proper timing constraints. Without it, the Compiler will not properly optimize the design.
Info (332142): No user constrained base clocks found in the design. Calling "derive_clocks -period 1.0"
Info (332105): Deriving Clocks
    Info (332105): create_clock -period 1.000 -name clk_50M clk_50M
Info (332143): No user constrained clock uncertainty found in the design. Calling "derive_clock_uncertainty"
Info (332123): Deriving Clock Uncertainty. Please refer to report_sdc in the Timing Analyzer to see clock uncertainties.
Info: Found TIMING_ANALYZER_REPORT_SCRIPT_INCLUDE_DEFAULT_ANALYSIS = ON
Info: Analyzing Slow 1200mV 85C Model
Critical Warning (332148): Timing requirements not met
    Info (11105): For recommendations on closing timing, run Report Timing Closure Recommendations in the Timing Analyzer.
Info (332146): Worst-case setup slack is -2.974
    Info (332119):     Slack       End Point TNS Clock 
    Info (332119): ========= =================== =====================
    Info (332119):    -2.974             -86.779 clk_50M 
Info (332146): Worst-case hold slack is 0.344
    Info (332119):     Slack       End Point TNS Clock 
    Info (332119): ========= =================== =====================
    Info (332119):     0.344               0.000 clk_50M 
Info (332140): No Recovery paths to report
Info (332140): No Removal paths to report
Info (332146): Worst-case minimum pulse width slack is -3.000
    Info (332119):     Slack       End Point TNS Clock 
    Info (332119): ========= =================== =====================
    Info (332119):    -3.000             -50.000 clk_50M 
Info: Analyzing Slow 1200mV 0C Model
Info (334003): Started post-fitting delay annotation
Info (334004): Delay annotation completed successfully
Info (332123): Deriving Clock Uncertainty. Please refer to report_sdc in the Timing Analyzer to see clock uncertainties.
Critical Warning (332148): Timing requirements not met
    Info (11105): For recommendations on closing timing, run Report Timing Closure Recommendations in the Timing Analyzer.
Info (332146): Worst-case setup slack is -2.525
    Info (332119):     Slack       End Point TNS Clock 
    Info (332119): ========= =================== =====================
    Info (332119):    -2.525             -73.248 clk_50M 
Info (332146): Worst-case hold slack is 0.300
    Info (332119):     Slack       End Point TNS Clock 
    Info (332119): ========= =================== =====================
    Info (332119):     0.300               0.000 clk_50M 
Info (332140): No Recovery paths to report
Info (332140): No Removal paths to report
Info (332146): Worst-case minimum pulse width slack is -3.000
    Info (332119):     Slack       End Point TNS Clock 
    Info (332119): ========= =================== =====================
    Info (332119):    -3.000             -50.000 clk_50M 
Info: Analyzing Fast 1200mV 0C Model
Info (332123): Deriving Clock Uncertainty. Please refer to report_sdc in the Timing Analyzer to see clock uncertainties.
Critical Warning (332148): Timing requirements not met
    Info (11105): For recommendations on closing timing, run Report Timing Closure Recommendations in the Timing Analyzer.
Info (332146): Worst-case setup slack is -1.241
    Info (332119):     Slack       End Point TNS Clock 
    Info (332119): ========= =================== =====================
    Info (332119):    -1.241             -28.754 clk_50M 
Info (332146): Worst-case hold slack is 0.179
    Info (332119):     Slack       End Point TNS Clock 
    Info (332119): ========= =================== =====================
    Info (332119):     0.179               0.000 clk_50M 
Info (332140): No Recovery paths to report
Info (332140): No Removal paths to report
Info (332146): Worst-case minimum pulse width slack is -3.000
    Info (332119):     Slack       End Point TNS Clock 
    Info (332119): ========= =================== =====================
    Info (332119):    -3.000             -52.866 clk_50M 
Info (332102): Design is not fully constrained for setup requirements
Info (332102): Design is not fully constrained for hold requirements
Info: Quartus Prime Timing Analyzer was successful. 0 errors, 5 warnings
    Info: Peak virtual memory: 4785 megabytes
    Info: Processing ended: Fri Nov 10 19:49:24 2023
    Info: Elapsed time: 00:00:02
    Info: Total CPU time (on all processors): 00:00:01


